CUSTOMER_ID,RFM_SCORE
17448,211
15369,211
14213,111
17603,321
12503,111
15823,121
13154,211
15802,211
16252,121
12666,111
17307,111
17548,121
15728,311
17065,211
13958,111
13829,111
16546,131
15638,111
13672,121
18256,111
14437,211
18141,111
13693,111
16262,111
16579,111
15590,111
16061,111
17820,111
14627,111
14119,111
14777,511
12870,111
17547,111
16454,311
16138,111
12605,111
12505,111
12943,111
16428,211
14679,111
16995,111
18072,231
13256,411
12346,111
18268,211
14792,311
16878,411
13762,121
13364,321
18274,421
12558,521
12454,331
14557,331
12607,351
16742,311
16446,511
16738,111
17956,111
17763,111
13307,211
17900,211
16093,211
17986,311
16953,411
17102,111
15657,411
13120,111
15940,111
17408,211
16765,111
15744,211
14576,111
17831,311
16856,411
17816,321
16162,111
12855,111
18019,311
16659,111
12977,211
14589,111
15178,111
13832,411
15992,511
14300,411
15423,311
14080,311
16257,211
15603,211
14821,111
18184,411
13011,111
14351,211
17844,211
15313,211
14682,111
14865,511
15504,211
16349,111
14760,111
13366,311
15899,111
17775,111
13080,111
14957,111
13106,211
13682,111
13391,111
17174,111
13194,211
12665,111
15729,111
15516,321
13218,211
14840,111
17263,121
13302,211
13130,211
13684,131
17747,211
17382,311
14393,111
15863,421
18037,221
16581,211
17022,411
13185,111
13938,311
13686,111
17906,111
16171,311
18032,111
12506,121
17960,221
13095,311
18050,111
16468,211
13403,411
16610,111
17628,211
17995,111
18113,111
14090,111
16148,111
15668,111
17536,211
14373,111
13992,411
13132,111
14785,511
17942,511
16078,111
15753,111
13747,111
14109,421
17752,111
13967,211
16789,511
18281,111
17620,311
13006,311
16424,111
17309,211
12401,111
13666,311
13841,111
15541,221
16498,221
13296,211
15180,111
18084,411
15083,111
15212,111
12353,111
14436,211
12686,111
14219,511
14117,211
16597,511
15552,121
16506,411
13947,311
14353,111
15488,211
12659,411
13551,111
13160,411
12789,311
14054,311
12821,111
17991,111
13283,311
18227,111
15428,411
15397,111
13651,311
16073,111
16387,111
12548,211
18249,411
17024,311
14642,311
15216,211
17325,111
12984,411
18277,311
15422,111
18033,331
17895,321
17538,411
15256,211
17746,111
17939,211
13703,111
15973,111
14371,111
17427,211
14946,411
16344,211
13235,141
13101,111
18086,111
16006,111
17643,111
16516,411
18068,111
16462,311
13948,111
14981,111
14836,511
18011,121
17962,231
14542,111
18255,211
18174,511
15958,211
15607,111
14027,311
15775,111
12929,211
17791,411
15070,111
15168,411
16757,111
15395,111
16784,411
14661,411
12956,121
13226,121
16106,311
17639,111
14345,311
14699,111
16363,311
13133,111
16339,121
17836,321
17901,421
16792,111
12734,111
14641,411
16963,111
17349,111
13519,311
15853,331
15537,221
13144,111
13508,111
18120,121
17887,211
17957,331
17274,321
12756,211
17893,121
14271,111
17038,421
15610,311
18129,121
13807,111
16697,121
13161,111
14689,111
15280,221
16913,111
18105,321
17217,111
15445,111
14457,111
12651,111
12504,421
15221,111
14582,311
12938,411
14652,221
17219,421
17852,521
14974,321
16247,221
14632,111
13188,511
14972,221
18027,221
13067,221
15350,111
14143,211
17601,111
13170,431
17117,111
13877,211
16959,211
15836,311
17654,121
13193,321
13581,111
14155,111
17079,211
15843,111
16666,431
15266,111
16542,311
14453,121
14259,211
14314,211
18015,531
17446,211
13002,111
16611,111
15512,211
15049,111
13182,311
13244,221
18018,221
14076,231
14165,121
13638,411
13876,311
14413,121
17967,131
15917,111
16658,111
14495,311
16569,511
16849,111
17578,111
17148,311
12531,421
15017,321
14890,111
14861,311
13522,411
12814,211
16988,511
15463,411
16414,411
13279,311
14962,111
15923,121
15578,211
15135,111
13781,121
17359,521
15543,121
16828,211
14483,211
16623,111
16679,111
15844,311
12565,111
14795,211
17455,111
17297,431
14438,111
17785,311
17647,311
15709,111
17881,111
12445,411
14349,531
13217,211
14280,111
12837,211
14586,121
14174,321
15562,111
14340,111
16055,111
12851,231
15276,331
16665,111
15174,111
16114,211
15419,411
14889,111
15042,111
12968,211
17972,131
14247,121
15691,111
17468,511
17709,211
16050,211
12512,331
15663,211
13716,121
17122,211
14581,421
12902,111
18269,111
13273,221
18209,411
14772,211
16483,121
17718,111
14768,411
14073,421
14494,411
13483,311
13420,211
15388,111
16598,111
15888,221
14041,121
13561,121
13584,121
14386,111
16287,211
13299,111
15705,111
13462,111
12587,511
17186,311
12974,111
16852,511
17524,111
15937,311
13866,211
17935,221
16893,131
14238,111
17030,311
15503,141
12864,211
14037,221
14098,321
14968,431
17859,121
15526,311
17549,411
13003,211
15435,421
15748,321
18262,211
17946,121
15869,121
17234,121
15717,111
16337,311
14287,511
13697,311
16461,231
16861,311
14208,211
16412,331
16617,111
17898,221
14039,311
13514,211
17707,111
14066,111
18138,111
17984,231
16248,311
17714,111
12602,311
16351,111
17286,431
17517,111
15226,111
14295,311
17026,111
15740,311
17698,111
14046,111
14368,111
13809,111
15447,111
16720,421
12738,111
17832,341
14813,131
17899,231
17871,111
13898,111
15263,211
15438,221
14406,211
15007,211
17118,111
14585,321
17128,111
14148,111
14799,311
17556,111
15988,421
15348,211
15160,111
17165,111
13937,211
18224,111
16213,211
12966,511
14714,411
18146,211
18203,221
12573,121
17344,331
15852,121
13229,111
14089,321
14237,111
14204,531
16403,121
14362,431
16113,131
15458,411
17600,411
16932,331
15325,231
15733,111
16517,121
15167,131
16406,441
13223,111
17110,211
14354,511
18200,231
12920,421
13603,421
17535,111
15904,531
15316,111
13470,211
18042,311
14552,231
14485,331
12817,111
17650,411
18014,431
14326,111
16405,111
13598,331
15920,241
16952,221
17561,431
18088,331
15374,211
12551,111
15986,421
17737,511
16282,111
18099,221
17367,131
14860,511
14578,521
12367,511
18004,131
14218,311
13962,411
16921,341
15016,221
18058,511
17542,121
15432,411
17245,111
16773,321
14536,121
12442,511
13690,311
13922,111
18048,111
14693,111
15670,111
15565,311
12441,111
16565,111
14798,311
18278,211
15335,331
13560,531
14518,321
14355,111
13826,211
18010,121
16144,111
17331,211
17582,121
12509,111
16080,211
18282,511
17947,311
12923,321
17440,211
13072,111
12618,411
13618,211
17356,121
17253,421
13271,341
13008,121
17879,211
13778,211
17904,431
15262,111
16620,511
15139,111
16990,111
14705,111
15454,121
15895,211
18147,311
12586,411
12622,111
15041,241
13710,411
18280,111
16835,211
15292,121
15945,111
16594,231
15886,311
18119,131
14087,541
14082,121
17772,531
15746,221
13059,111
13460,421
14059,111
16680,311
15124,421
16433,421
17680,411
13482,111
16097,111
14199,111
17010,411
17574,111
12641,211
15567,411
14551,411
17693,221
16124,121
18013,231
16900,541
17279,311
14722,221
17781,211
12893,431
14697,121
16448,121
18045,331
13663,111
17166,321
12361,111
17885,441
13972,321
14501,311
15412,211
13033,111
17233,321
15692,411
17988,431
14966,431
15909,211
12791,111
12522,311
13568,231
14801,341
14806,211
17608,341
16847,311
17343,121
15198,211
15683,211
12797,121
17475,221
16887,331
14100,221
15612,311
14666,421
13792,311
16112,221
17660,231
13284,111
13978,421
13436,511
15234,121
14304,121
14830,331
16829,211
17301,441
14789,411
14185,111
12581,321
12450,211
16178,211
13295,111
17987,111
16832,111
17383,531
13322,421
15593,311
13723,111
14782,111
13980,311
15437,131
13262,111
12995,211
13859,121
16965,121
15347,111
14385,521
18169,311
14381,331
15723,131
17376,321
17891,231
17889,121
17394,111
17187,111
18273,511
13017,511
17206,311
16619,121
15319,121
13513,211
15758,411
15307,211
17843,131
17670,111
13065,111
18110,431
14964,111
18126,331
15820,121
15925,111
13099,211
16752,111
17923,111
16323,111
16866,211
12547,111
18191,111
16457,111
16914,331
16690,311
17514,231
15327,311
17855,121
13828,421
13532,341
16356,131
16415,331
15703,111
16017,331
15724,111
17928,321
16302,211
18193,221
16897,131
14984,431
15540,521
16591,311
13411,221
14241,111
17153,421
13621,221
14601,511
16647,221
14793,521
16846,311
16411,431
16338,211
12588,311
12831,111
16519,411
16190,311
16189,411
14476,121
17580,131
15052,131
16179,311
13858,311
14104,221
17436,511
15604,321
12897,111
15460,131
13503,221
13739,411
15554,121
16634,111
14570,121
12574,111
13428,541
17619,141
13669,311
14205,531
12702,411
16895,341
15096,311
13600,121
13079,511
18114,121
16482,421
18030,511
15790,531
13419,321
16392,131
14960,521
14598,331
15897,121
13382,121
17534,311
15637,321
18101,531
13926,411
14929,311
16753,331
16471,111
15175,221
17171,121
16587,111
14052,431
12402,111
14357,331
14624,311
12672,111
17789,111
16777,231
16315,111
17572,211
17212,111
14569,511
16527,221
17969,221
13070,111
13712,111
13146,421
17347,211
15528,121
13474,141
12812,321
14311,121
13960,411
16926,111
13786,111
16445,341
15866,231
16321,221
16641,211
15393,411
15257,111
16117,131
16971,531
18213,121
13678,221
14995,341
16583,111
13348,321
15483,241
12736,111
16961,221
17060,111
14473,211
15462,212
15598,322
13187,132
16026,332
12732,112
18024,222
15457,132
17877,212
12718,322
15850,442
12561,122
18270,312
16756,112
17684,322
13570,122
15690,522
17181,322
17256,222
13565,432
15154,242
15286,312
16427,112
14523,212
15776,222
16330,432
16215,222
14647,132
17908,132
17339,212
15634,422
13886,222
16048,212
16793,322
13103,312
17925,112
17892,322
16528,522
16601,332
15118,212
12660,512
17771,332
16778,222
12908,312
17278,122
15783,522
17051,132
14658,532
13349,522
15107,122
13592,322
15097,522
16510,112
18212,132
13061,212
17111,332
18005,542
17190,322
17456,122
15510,112
17303,132
16596,412
13207,412
14764,312
13512,122
16024,442
16976,112
17155,422
16836,312
13711,112
13645,212
18009,132
15346,122
13404,512
15035,222
17860,132
15759,112
12829,112
15689,212
14765,432
12604,222
13121,132
15261,222
16226,112
14881,422
15277,312
14761,312
17896,412
13806,312
12430,312
13626,122
14375,142
13227,112
13277,412
14350,122
14915,212
15577,232
16447,232
13127,222
17125,332
16217,122
14149,132
15143,122
15014,332
14053,212
13189,422
17385,432
16413,332
17194,122
16936,432
12492,322
15894,132
13369,122
14452,542
15912,222
18108,122
13973,112
14423,112
17430,322
14068,122
17636,522
15019,142
12962,522
15119,122
14863,412
16451,222
15517,122
17708,132
15320,332
17550,132
15408,132
14727,112
15609,122
17094,122
13242,212
14520,512
13533,142
15774,322
16648,322
17011,422
17496,112
17767,422
13837,122
13058,412
14816,112
13917,322
14819,312
17498,222
13085,222
17254,542
16727,132
16313,522
18190,122
12703,322
14512,122
16297,122
16810,122
12750,222
14508,432
13272,422
16883,132
15355,422
13803,122
17968,142
15279,122
14908,212
14850,122
17786,242
14480,512
15556,432
14975,312
16149,522
13606,432
14242,122
16292,222
16848,322
17403,332
16557,412
17247,432
13177,322
13754,212
17694,222
17251,132
17783,242
13439,132
16429,212
17080,412
14660,232
16555,322
13760,332
16998,212
16432,312
17760,422
17977,422
15396,222
16808,222
17501,122
14549,132
16125,112
14162,222
14953,432
14339,122
17464,212
14784,422
17081,442
16526,222
17691,122
14947,222
13479,122
14656,242
13544,342
13745,222
13449,422
13502,422
13259,342
16956,522
16721,132
15545,342
17163,412
17531,222
15732,122
17506,322
14747,122
13573,322
16781,122
17912,132
13504,322
13751,112
13441,212
18059,522
14985,142
13708,132
15857,422
18053,322
18220,112
13466,222
12881,112
17678,122
17824,312
17255,342
17124,132
18215,212
13863,122
16402,142
12852,122
15254,222
13304,122
14762,122
16479,532
16430,312
17978,112
15623,222
15148,522
15667,312
16715,222
15054,442
15308,122
16104,322
18165,212
14248,112
16425,122
15060,542
17433,232
16689,222
13083,522
13343,222
16400,222
17732,122
18185,122
15163,422
17941,212
13667,242
12623,122
13045,222
16181,212
16796,222
12785,522
15219,212
17176,122
15659,312
13718,112
17157,522
17334,112
16668,422
17551,132
15087,122
13142,422
13932,122
17120,122
13060,122
13395,122
13529,222
16123,322
14206,122
16227,112
17510,422
13699,222
15010,322
13787,232
12884,212
17604,142
14847,212
15699,422
15661,112
15101,512
14924,112
15224,122
15185,322
17266,542
13897,322
17854,122
13990,122
14327,212
14951,222
15326,122
14142,122
16450,212
17070,242
17362,132
12834,122
16739,222
15318,532
13845,312
17172,222
15880,142
14729,142
16582,212
12888,112
13484,112
15970,112
14902,422
12650,522
16193,122
17237,522
16473,222
16091,222
15766,312
12614,122
15597,422
14479,122
13494,122
17458,432
15204,112
16761,212
15243,222
15385,312
16386,442
17267,232
18066,212
15363,122
12648,222
14703,422
17248,242
17229,232
16967,122
16499,122
14264,222
16674,342
16716,112
13091,422
13986,412
14622,122
16096,112
12365,122
18117,442
13497,122
15236,122
14823,142
14484,322
14424,412
16342,222
16627,222
13955,232
17793,432
18276,422
15675,222
14555,322
16685,342
18261,322
13801,322
12790,122
15213,122
15944,112
17866,212
16830,322
12844,432
16071,322
14987,412
17715,112
16322,532
14870,112
16366,422
14024,222
15314,122
16318,322
16855,422
14012,112
15153,422
17154,222
13239,122
17615,222
14716,332
12953,522
16593,322
15130,222
14517,322
13706,122
15714,532
17862,112
16478,422
12891,112
15210,122
16030,122
16177,322
16803,322
16850,122
13904,322
16625,122
13727,422
15781,422
13216,112
15918,132
12350,122
15466,232
14988,132
12489,122
17221,542
16063,122
14196,212
15921,222
18078,122
14954,442
17384,422
15619,512
17914,542
16105,112
17973,322
13930,322
15942,222
17736,522
15652,222
16183,322
17839,332
17697,122
16545,212
17045,222
13737,132
15115,422
12519,322
14491,222
17917,342
13347,312
16826,322
16851,522
17201,332
18250,122
14320,132
12875,212
18081,322
15520,522
15047,122
15120,222
13068,512
17569,122
16978,232
14633,122
13774,222
17123,212
15840,322
16858,112
16423,422
13649,122
12566,222
15713,222
13062,112
13587,412
12895,322
17668,522
18155,222
14379,332
13052,122
16159,112
15579,332
12527,222
18127,432
13790,532
13927,222
15405,112
13887,122
13670,222
12532,422
13108,112
13919,332
17795,132
17835,542
13740,122
13332,422
15900,432
13923,322
15789,122
14333,322
15334,242
18112,422
15678,312
17976,142
14804,512
13210,222
13173,532
12715,222
17252,242
15870,342
12845,122
17222,322
13642,142
17742,222
12617,432
14537,312
12544,422
15247,212
14500,212
13453,222
18040,422
17025,312
16274,142
13976,112
13228,212
16823,132
17948,212
14690,332
15664,322
13298,512
13780,532
16595,342
15872,452
13291,232
16305,222
14950,522
13936,222
13844,522
16052,332
17573,422
16378,122
14427,322
13856,222
14932,122
15922,112
12915,222
16485,232
18056,122
16509,112
14171,232
15901,442
17330,412
12538,422
16909,322
14528,322
15343,222
12373,112
15949,422
14886,122
15429,442
16202,122
13300,222
17432,432
17358,132
17911,532
15345,322
16372,342
14888,122
16758,322
16343,432
15063,112
15975,222
15472,242
17765,232
16065,142
12981,422
17375,142
16239,322
16903,442
13569,442
13351,322
12873,112
17492,112
14067,332
16147,222
14079,212
14048,142
14448,522
17489,322
15025,342
12982,132
13345,122
17078,322
17438,122
13954,532
13372,222
15885,222
16484,222
17878,322
14619,122
13589,422
13656,232
16552,122
14594,532
17239,122
14731,332
17031,522
16769,132
12890,442
17138,122
16930,432
15048,342
12871,212
16441,322
15090,122
13873,222
17999,342
13657,522
18181,432
13817,422
12832,322
14460,222
15424,122
15440,342
12515,122
12733,122
16982,322
17205,312
17189,242
17250,532
13833,222
17711,522
13821,242
14420,232
14779,132
14114,122
17508,122
17817,532
17357,432
14538,322
16776,342
17035,132
13899,422
15592,322
17595,442
12690,122
15847,322
13352,522
16250,122
14752,312
17936,542
14910,532
17614,342
13255,522
16917,112
15342,222
15837,322
14620,132
14600,122
17226,122
15264,322
15386,132
16207,422
18164,422
16354,332
18067,332
15883,532
17486,122
13673,442
13594,322
12824,322
17926,222
14431,122
12508,442
17830,522
15522,332
18154,522
15809,332
13615,122
14157,432
12792,122
16198,222
16500,512
15158,312
12386,112
17431,132
12498,422
16319,112
15938,222
17379,542
12922,222
18036,342
16204,432
14616,112
16947,122
15127,322
15184,442
16010,142
17931,242
16399,442
15269,412
16018,322
16243,332
15225,122
12990,312
14348,122
12403,312
12930,222
15695,122
15099,222
12579,232
15186,422
14670,152
17913,342
16272,222
15523,212
13827,342
12802,122
16834,122
13974,322
17052,442
14288,122
17483,322
13166,132
12993,422
16795,142
15725,432
12580,122
14139,322
15803,312
16957,122
12493,222
15935,112
13889,222
16816,222
18001,432
12833,222
13473,322
16737,312
16629,242
15433,232
17701,122
12593,222
15967,442
15361,112
14124,212
15206,512
14757,222
17232,532
16233,222
18240,312
17525,112
18034,442
15012,352
16119,522
13140,232
17371,442
17134,222
15646,232
16780,242
15639,222
15406,432
15930,322
17223,132
13171,532
15994,332
12740,322
12725,122
15360,312
17869,232
12452,422
16324,242
15957,432
13602,322
15230,122
15450,432
16884,322
14998,242
12827,522
12795,422
13245,322
18106,132
13066,432
15976,242
13359,322
13338,222
16881,312
16236,222
16948,222
15551,322
16084,132
15553,332
12592,222
16034,122
12552,322
14272,232
15881,132
15468,322
14513,222
13358,122
16968,532
16025,422
14022,122
18233,112
15524,412
17579,532
15877,552
16163,112
14093,442
18222,222
16404,322
14638,322
16898,452
18006,422
17370,232
15889,242
15368,412
15456,142
14780,322
18176,132
15739,312
12448,322
13489,222
17040,222
14173,522
16574,222
18158,532
12970,552
17460,232
13506,122
12591,122
14184,322
18071,122
12729,222
17564,432
15475,222
13485,122
16038,522
15223,132
16529,132
15585,232
12375,522
15754,322
12999,122
15018,332
15589,132
12564,122
13398,122
14497,132
15121,322
15092,122
17392,142
16768,332
17880,122
16589,232
12355,112
13092,322
15535,242
12491,322
16805,242
16824,422
12391,442
14470,432
14331,222
12945,122
14853,512
14489,132
17418,332
12787,522
15109,132
14967,312
16586,112
13928,522
17140,122
15036,252
13248,223
13579,423
14029,323
14335,443
14147,313
14896,133
13005,223
15026,243
15471,543
15963,423
16885,443
13043,123
17964,343
17950,243
14013,233
16374,343
16859,243
15557,423
15349,243
15780,123
12447,123
15344,533
15091,333
12479,533
12644,233
16008,433
16812,123
16518,333
16863,423
18216,423
16693,343
16603,233
14450,133
17555,443
12808,323
13531,123
14130,143
12809,223
16504,443
16999,423
13116,233
15287,423
17658,523
12639,123
13153,523
17453,423
13675,223
15081,433
16643,123
15165,123
14396,343
13984,423
17361,323
18074,113
14416,423
15000,343
14236,223
13732,433
16488,333
15507,233
14270,123
13176,343
16955,123
12763,223
17333,223
16352,423
15448,123
16602,433
15882,123
17374,123
17053,223
15300,323
16892,543
16368,543
17495,523
16820,223
17298,233
15142,323
14681,213
15193,323
14077,333
14958,233
15389,213
16616,433
13247,423
13865,333
15006,353
17630,223
12991,433
12863,313
15469,323
14014,233
16614,123
17480,233
13885,123
16960,343
15721,543
14820,423
14158,333
17415,223
17958,213
14317,323
17391,213
15417,223
12436,223
12904,443
16325,323
16561,533
15655,133
14851,423
12582,123
15467,533
14034,443
17429,233
17805,213
17513,213
15246,133
12811,133
18205,333
17454,143
16135,123
15030,213
16650,223
13643,423
12571,333
14873,123
15149,223
14871,543
17712,323
18017,213
17329,433
13721,323
15891,143
17290,543
17888,443
18252,343
17623,333
17631,533
16185,433
14463,213
14002,233
16933,533
18159,123
14265,233
16706,343
15825,223
15756,353
17443,113
13434,213
17062,143
13385,133
13000,233
12988,143
16142,133
13894,433
12559,123
16804,443
15043,413
16206,343
14539,433
14474,333
17345,443
16278,423
15539,533
14618,523
15452,433
14496,123
13812,333
16536,233
13874,123
14997,323
17897,243
17557,433
17447,333
16230,133
13278,333
16211,223
16927,213
13390,213
13617,333
16475,223
12987,233
12793,123
17806,533
12743,253
17520,333
17637,433
16811,523
15830,433
16031,243
16340,253
12390,233
17235,423
17291,113
17674,223
15315,333
12363,223
12879,313
15068,343
14338,233
14891,233
14177,233
14805,433
13816,433
16385,343
13939,433
17295,443
17955,123
15339,343
13260,313
13800,133
17503,533
12866,123
18043,443
14400,223
16275,133
14273,323
13044,133
13946,213
12414,123
17265,253
14753,233
17014,543
12384,433
18150,333
13321,213
12601,123
16667,333
17540,523
14592,353
15821,343
17616,213
12816,223
13405,223
13379,443
15415,133
14176,133
15303,133
14323,233
12784,543
14167,333
13487,333
16345,333
15550,543
16916,453
14410,453
14284,433
13314,543
13292,333
17142,123
16906,243
18095,123
15768,223
14692,243
12695,523
18232,233
17970,133
13427,423
12426,133
15969,523
16838,123
15762,333
13557,433
14023,533
16072,123
16384,233
15222,113
17360,453
12513,233
17351,323
15624,233
16723,233
16203,333
18123,433
14882,413
13452,113
13270,113
14133,233
13276,333
13811,123
16116,133
17119,533
16535,533
15442,113
12917,213
14108,433
16763,123
16654,233
12577,353
18246,413
15381,113
14645,233
16788,253
17864,443
16298,423
13959,243
13311,523
15720,453
14467,443
17420,333
14965,243
12521,233
14905,223
15648,123
12872,143
18211,433
13243,133
12420,323
18183,133
14609,213
12654,533
17890,143
16306,133
15366,233
15322,333
17259,243
12707,133
16134,433
12649,233
12556,343
16732,423
12944,333
17664,433
14675,443
13558,553
13233,233
17507,143
13888,233
17849,123
13539,233
14710,453
12933,443
15573,443
14342,423
12719,533
15147,123
13933,223
15275,433
14636,323
13357,143
15795,233
12673,533
13731,133
14152,233
16109,123
15645,433
15232,233
18149,323
15073,543
13914,533
16566,423
13145,313
16005,453
15215,333
16311,433
13925,333
16442,553
14377,113
13496,533
14593,453
13301,243
12596,323
16613,333
13493,113
14529,353
12667,333
16141,233
13402,233
17640,213
16915,533
18217,433
17867,443
15182,223
17499,133
15258,233
13368,123
16718,133
16750,343
14382,453
18218,123
14036,133
15402,233
13546,443
15028,533
13388,233
16022,143
14687,223
13525,413
13046,433
17994,243
17990,123
15244,333
14021,223
13822,543
14301,223
14220,123
13892,423
15045,213
14000,123
17985,423
15297,533
15100,113
16139,433
15773,513
15384,233
15829,233
14481,233
14128,333
14664,443
14754,333
18160,333
16444,343
17515,343
15919,453
12631,333
13318,523
13417,523
12624,233
16554,543
17046,223
17779,443
13034,333
14020,433
16431,143
12612,323
14126,523
16157,423
17312,223
14829,433
14855,223
17545,353
15651,333
12589,433
17373,333
15643,133
13564,243
16573,233
13430,433
15205,233
15098,113
16969,333
15571,533
16469,453
16734,333
16362,343
17523,533
14548,213
14044,453
16014,353
18151,233
17398,233
14651,343
16774,333
14894,223
16127,333
15197,533
16708,323
13049,323
15677,333
12616,233
17459,343
14818,233
16696,213
17874,133
14150,323
16357,333
13759,323
13518,233
15492,433
13028,433
14603,113
14451,343
17462,323
14198,533
17423,323
13240,243
14720,533
15700,243
16208,343
13963,133
16056,343
15038,353
17105,243
17777,453
13741,233
15400,213
14356,333
16268,333
18022,353
15031,543
16383,243
12418,233
14643,233
17299,533
15951,533
12638,333
17883,553
14628,223
13623,443
18121,233
14504,343
13951,233
17749,233
13464,333
16449,133
13355,233
16418,343
13325,213
15626,233
16377,113
13040,533
15669,333
13607,343
14788,533
16642,533
16872,213
13524,323
15181,323
15304,323
13238,433
12478,533
12410,123
16212,433
18135,423
13548,243
15582,433
12838,343
14222,233
12942,243
16495,543
16122,233
14959,343
14009,133
12658,433
16309,233
14201,333
14111,413
13799,233
17502,523
18196,253
13023,333
18085,123
16015,553
13838,553
17733,333
17198,443
13601,343
12925,533
12413,333
17397,443
13596,553
15053,543
17796,343
13258,433
15800,243
17734,333
17321,543
14867,133
16997,113
15574,253
16730,343
15103,433
18082,443
12883,433
16140,333
17934,323
16882,333
14880,233
17526,523
16364,533
12453,233
12781,433
12427,433
16136,333
14127,233
17472,153
13249,223
17179,143
13705,523
15855,243
17642,233
13416,323
17761,323
13147,513
13169,313
15757,333
15330,313
18133,113
17029,213
12535,233
15274,533
17884,543
14725,433
14179,353
16023,343
18062,223
13370,133
15272,343
14869,543
17521,433
15584,453
15561,433
12475,333
13736,553
12468,233
15636,223
12723,543
14055,213
13236,433
17666,523
13950,433
13077,543
18035,333
14778,233
16491,333
16099,333
13575,433
17812,453
16256,123
17692,233
12465,533
16146,223
17034,433
18156,453
17979,353
12976,123
14756,433
12603,413
16924,443
13329,323
15252,333
17974,453
13900,133
13753,133
12374,433
13354,233
16770,353
14790,433
14050,433
16261,453
15533,443
15618,333
17114,553
15831,343
15656,333
15074,233
17411,433
14923,333
17146,233
13730,233
18104,333
14883,433
16470,353
17461,443
15568,533
16036,233
17425,433
15066,433
14412,333
16205,443
15599,433
18136,333
17466,533
17268,213
15239,533
12434,233
14885,223
17695,233
14672,143
14550,533
14976,343
13109,533
17516,453
13356,233
18228,333
16480,233
12628,533
14662,453
17409,113
12965,243
16759,533
13375,233
15075,223
16043,333
15414,533
16725,153
16825,323
14234,453
13341,133
15353,143
12425,233
13563,233
16505,413
17414,313
14815,333
16092,233
12735,133
17180,353
17797,443
14644,533
13212,553
13583,233
15679,443
13884,543
17341,253
17006,533
18248,233
16054,243
17387,443
15743,443
15806,333
13323,523
13016,233
13167,443
15990,333
13336,233
12701,233
13389,433
16438,553
17703,333
13030,443
14475,233
13720,233
17905,233
16806,243
18265,233
16164,433
13929,213
12422,233
12778,433
16367,353
16869,453
12421,433
13707,133
15952,343
17115,533
16891,553
16660,423
13637,343
16624,233
16276,213
15525,553
17980,233
15644,253
14421,323
16621,323
16600,543
17075,443
18064,213
16460,453
13280,243
14499,453
15399,533
15649,113
16108,233
16560,433
16943,133
17169,343
17764,343
13220,223
13893,123
14231,133
16284,443
17921,353
16494,133
12461,233
16747,433
13681,433
12693,233
15862,553
16644,243
17929,413
13835,433
17759,443
12728,233
15832,133
14657,453
13940,433
17076,323
14862,433
14912,423
12878,433
15164,343
17624,433
14803,233
15965,443
16222,153
13221,143
13846,433
14625,133
12713,533
17027,253
12379,233
13991,443
16020,433
16027,223
16070,433
14193,333
16877,453
17560,223
16037,133
16235,333
14553,443
17064,343
14577,443
13339,133
12794,333
17649,233
16266,243
12680,533
17048,233
16221,343
16567,133
14332,423
16121,353
14715,443
15208,533
16801,243
14623,353
13203,533
12694,333
17109,443
13979,233
13200,433
12847,443
13294,133
16513,533
13566,353
12940,343
14770,133
17007,333
15653,213
17731,243
14141,533
13662,233
15076,233
13037,233
18236,433
14359,433
14597,433
15799,243
17704,233
15822,533
13035,333
16347,543
17527,333
17829,133
14344,243
14240,433
15255,333
13515,243
12772,333
15079,133
15211,333
15865,333
18194,313
16361,543
17044,513
17537,443
13810,433
17886,443
17848,233
17566,553
12994,543
15807,333
12722,233
14081,153
15022,553
15480,233
14449,453
16584,233
13038,223
17323,453
15511,553
17552,333
13689,314
13350,434
18096,554
14289,534
16714,144
13192,244
13782,444
16809,454
15364,224
15587,314
12652,134
16216,134
15253,434
13549,434
17236,444
14712,424
14015,324
12822,334
13075,224
14140,544
17018,324
15312,234
13934,134
16551,234
13122,234
15654,524
13805,314
15201,244
12924,234
14532,144
13655,234
16657,554
14256,134
15289,444
13026,534
17289,444
17097,554
12697,434
14629,554
17227,434
15576,334
13636,344
14075,534
12820,544
13261,114
15707,354
15681,444
12458,234
15787,454
13748,224
15793,514
16511,454
15421,334
16934,344
15835,334
17244,334
15948,544
13823,434
18192,234
15658,134
16419,234
15156,534
14006,234
13138,444
14195,114
14931,534
12550,234
17405,544
15907,554
15110,434
15449,444
17618,544
17100,444
13155,344
15747,444
14522,424
14223,244
15860,354
16376,554
14920,134
15132,434
15506,454
13509,534
18170,334
12717,234
12541,434
16085,454
16907,454
16188,344
15071,224
14138,534
15133,224
12510,234
16232,334
17214,344
17144,534
13117,444
18237,544
15062,234
13410,534
17324,434
17951,324
17126,254
13363,444
17096,534
16009,444
17594,234
17724,334
17646,134
14540,544
13032,344
15434,544
16572,234
14389,544
18143,244
14214,444
15508,144
12545,234
15706,344
12446,334
15104,244
12572,544
15329,344
13429,544
14631,334
13455,434
16160,324
16174,224
16229,234
14775,344
12936,444
17197,424
12739,234
12642,434
18142,224
13867,444
13728,344
12514,134
14083,554
12828,534
14276,244
13376,234
15839,444
13165,334
14346,244
15777,124
14904,544
13956,554
16533,454
16416,444
16682,534
15333,124
14584,244
17033,224
13253,234
12724,534
12599,444
18221,444
13639,234
15171,114
16260,324
12691,434
16520,154
15985,234
16175,234
16320,234
13131,434
14446,554
13719,444
16094,444
12951,544
15801,344
17727,544
12497,224
16918,354
15192,234
17042,544
15996,254
18130,544
14293,544
14488,334
13791,324
13282,434
15763,444
15464,154
14078,244
14224,244
12849,334
15027,434
14583,554
12716,544
13715,144
16728,354
15977,444
14514,344
15407,354
15238,434
13853,524
14419,554
14465,154
12679,334
16214,234
14411,114
12815,234
17287,454
17277,144
17041,444
14948,444
14212,214
13761,344
17522,544
13635,344
15745,544
15712,534
16563,324
16980,144
14352,234
12354,134
13726,334
16200,554
14561,244
13310,544
15602,534
13467,544
18189,244
17095,444
14744,424
12534,244
15489,434
13476,244
13521,554
15608,444
13652,344
16225,354
14708,534
17966,344
13104,524
15978,234
16350,444
17047,244
17609,354
13447,444
12857,134
16833,534
17562,444
15933,444
15730,344
12399,244
15069,144
14817,144
14161,144
16049,354
13610,454
14971,354
13591,334
17788,214
15716,244
12842,334
16086,334
13064,444
17894,254
17302,444
15737,444
16807,244
13486,244
15436,454
14129,534
12462,544
16637,344
13118,444
17470,344
12609,244
14824,524
12710,244
13882,544
15500,544
13772,354
17585,254
16989,514
18168,254
17242,234
13500,444
17500,414
12494,544
17135,434
16172,244
15088,444
13819,134
13330,234
16270,134
18125,454
12546,344
17770,134
12769,134
15810,244
16766,134
17505,234
13499,434
16042,444
12657,534
16062,544
16184,334
13744,244
13611,244
12885,344
14723,554
15621,524
17348,454
16949,544
14447,444
14261,334
14737,524
14857,344
16653,444
14745,244
12358,524
16639,434
15306,334
12640,434
17653,434
16950,334
17058,244
15630,344
14487,454
13752,244
16612,344
14064,444
12611,344
15145,544
12967,534
17720,434
13211,534
12997,444
15605,344
17800,344
17320,244
13158,244
16800,554
16794,554
13055,344
13208,354
18171,334
15841,334
18263,444
12464,524
13918,334
17410,444
17774,254
12985,544
13491,344
15227,334
12412,244
17584,534
14913,344
14898,444
14428,554
13931,244
18080,414
15910,554
15376,344
14684,454
14893,544
13860,544
17588,224
17633,344
16531,444
16101,544
15004,254
13029,414
12689,444
14383,344
17481,544
13151,144
14698,554
17802,254
17037,244
17262,314
13848,214
17350,544
17412,544
12507,224
14665,344
17388,224
15497,424
14105,244
16842,344
16688,544
15009,454
16951,244
14916,344
13989,334
17158,344
14511,544
15199,314
13431,334
13492,234
14669,154
12630,544
14794,544
12394,324
17019,454
16692,114
14267,244
13538,324
13878,334
16899,554
15136,544
14297,444
17671,444
16571,544
12854,244
14738,334
14047,534
15108,244
16120,334
16224,344
16929,544
17961,454
12372,234
12488,534
15494,454
12919,534
12463,344
15813,134
17919,224
16744,554
12576,344
14071,554
14477,414
13328,124
13168,354
13501,134
14856,344
13012,544
14748,444
12516,224
12364,544
16040,344
15146,244
18177,444
14973,234
16464,454
14102,544
14921,444
12526,544
16083,234
15563,544
16370,254
13396,434
15059,354
16295,544
16493,244
15365,454
12676,434
17932,444
15680,544
17621,424
16110,354
12620,444
15734,224
15398,444
13743,534
16045,244
16317,244
17372,354
15596,244
14154,134
15411,444
12646,534
17368,454
12886,344
12775,444
12770,114
16079,424
14859,444
16245,444
15116,434
17204,244
13813,344
17054,444
18167,534
13232,454
16389,334
15095,234
14897,534
13308,434
14507,444
16669,454
14434,414
15569,234
14113,534
13159,544
16726,454
14116,444
12952,544
17676,544
13995,444
16463,444
13572,134
15898,544
17311,234
15134,444
15453,554
16539,534
13516,434
13414,224
15051,454
17354,324
17856,524
18202,144
14019,344
14741,444
14443,344
17083,234
16173,444
12947,244
15106,444
16394,344
15237,544
17004,334
14901,444
16012,344
14649,554
18116,354
15444,554
15128,344
17288,554
16503,244
17063,544
14740,144
16271,554
14403,224
16996,434
14035,444
16103,534
15426,454
17175,344
13475,144
14566,214
13717,344
14404,344
15858,454
15478,334
13477,344
13461,324
17073,454
16817,544
14591,454
14233,334
14875,534
14229,334
15987,454
13110,354
13309,544
16059,354
16359,544
14541,344
12882,514
15473,424
13692,434
12826,544
16348,354
14246,244
15983,444
17590,554
15427,354
16016,554
18016,344
14758,244
16755,254
14414,244
14878,454
16395,354
17553,214
17002,234
14963,554
15057,124
15916,454
13320,344
16279,444
17571,354
16762,444
15530,444
17152,124
12937,444
15625,244
15265,244
16910,554
17997,254
16053,344
15392,544
16748,444
15532,454
12818,224
13213,344
16880,454
16790,544
13764,354
15906,454
16066,444
16434,444
16244,144
13107,344
15620,344
14567,334
14321,544
12759,344
16283,554
17159,444
12877,554
13849,344
13397,234
13186,344
16365,434
15701,554
14442,544
14441,544
12352,344
14704,554
12865,444
15117,444
13659,144
15660,444
16369,444
14038,244
17085,254
13313,444
16676,344
17837,354
18239,144
13814,334
16496,544
15111,444
15611,534
18178,244
13634,354
16889,154
12393,244
16332,454
13850,244
14970,334
14719,554
14587,454
17828,544
16992,544
16466,354
14573,154
12783,544
15791,344
12868,144
12669,244
14918,234
13614,454
14312,344
15122,244
18161,544
14336,444
14937,334
14178,554
17101,534
17673,554
12530,344
13627,344
15172,544
13425,244
16987,554
14759,544
16515,344
12377,144
16398,244
14164,324
15953,444
12398,344
14837,244
15827,254
17284,354
15002,244
13162,244
13750,324
13184,454
17451,544
15826,344
16711,524
15549,244
13577,444
14045,214
15332,134
15024,554
15214,544
12912,524
16115,554
13647,544
17193,334
17656,244
13149,444
16638,444
14245,244
17147,444
12843,344
13924,554
15380,534
15240,344
12635,244
13763,324
16671,414
16813,554
12764,134
16775,554
14834,444
13824,334
16007,354
17282,244
15950,544
16791,454
16902,234
17162,444
12407,344
15947,224
13094,434
12405,234
17813,454
15267,414
17702,444
13157,344
15050,444
17043,344
14673,544
17457,224
13456,444
15241,344
17754,544
17353,214
17930,334
14595,444
13134,244
15674,254
15067,244
12523,544
13808,544
12645,344
12349,444
15220,344
12823,214
12424,234
17873,234
16751,424
14621,544
15594,444
15864,424
16681,234
14387,354
16719,454
16841,344
13481,344
17092,354
14215,444
16380,334
15260,244
17705,544
17629,554
14935,114
14608,524
13510,544
13875,344
17663,444
17648,344
18179,544
18235,244
12348,234
17750,554
13196,444
13562,244
16249,344
15812,234
14305,244
12381,544
13048,454
16979,544
13650,444
13725,344
16474,554
14533,444
16201,544
16169,544
16153,344
18122,554
15203,454
16152,124
18287,344
14459,234
17519,444
14216,544
12383,144
12963,544
16455,344
16102,334
17015,454
15814,544
12950,524
17469,444
18180,544
13421,344
12423,554
17422,454
13890,544
13982,344
14887,214
15351,454
17738,444
17787,254
14524,354
15367,344
15157,554
15021,554
16986,414
17293,554
16128,444
16170,354
17463,454
12853,244
15641,244
12371,344
14934,244
17870,554
12584,554
16942,454
12762,544
14210,244
16938,554
14250,544
15819,344
16150,354
17228,454
16426,554
14409,234
14285,424
15518,354
12457,344
12674,444
16983,454
13246,454
12528,544
14217,544
17490,544
17406,144
14655,534
14978,254
14472,254
14418,554
17337,254
14653,554
17554,544
14498,354
16341,444
17218,554
17790,454
14462,354
15493,354
13590,444
18204,254
12585,144
17940,324
13495,534
13593,254
17088,444
17679,334
17612,354
17827,554
13630,544
16698,114
18188,444
13305,544
16754,114
17082,344
14730,555
16098,245
15372,225
15531,555
14506,455
14188,545
18219,545
15341,225
18069,455
16875,345
14544,445
16358,545
16409,355
14001,335
17846,215
17090,545
14640,445
13450,445
14232,345
17597,135
17625,455
17086,545
12948,445
17667,345
13126,555
12518,555
12610,445
18241,545
17861,555
16281,225
12928,345
18231,155
14209,545
14482,455
14696,555
18093,235
14306,335
15834,355
16954,535
18044,555
14810,355
12501,155
13297,545
13571,455
18283,555
17191,455
15815,335
12560,545
14515,445
14461,255
18173,235
13265,345
13517,355
14407,245
14691,445
18008,335
13632,455
18061,435
15058,455
16407,455
14360,445
12909,345
17400,255
16379,545
14828,125
13317,355
16057,555
12633,345
17272,345
16966,535
13224,345
13755,555
12935,555
16456,245
12856,555
14341,355
15811,455
16076,555
14560,545
14808,355
15722,345
16628,445
15394,545
15179,445
13862,455
13365,555
16743,455
14776,355
15123,545
17696,355
14226,445
13680,555
13831,445
12755,115
13115,555
15797,215
14211,345
12653,235
17442,455
15373,555
17591,255
12876,345
12704,545
14825,545
18242,245
14700,345
16293,545
15281,355
15665,245
16782,555
16771,355
15235,155
14432,555
16209,235
13527,355
13700,455
18257,345
16550,255
16735,255
14466,445
17768,545
12782,545
17188,445
12684,545
17313,425
17744,555
12615,545
15704,245
13704,555
17954,555
15270,435
15105,445
17211,455
15785,445
15288,345
14290,445
17838,455
13394,555
13994,555
15755,555
14309,545
14239,345
12483,445
17434,555
18259,435
13908,255
15527,455
15140,345
14502,455
14440,535
14030,455
15370,345
17634,355
14493,545
13722,245
14930,255
18065,555
17722,245
14554,555
17530,555
17071,555
13141,255
15980,235
17589,355
12397,355
16143,545
15089,555
13658,545
15606,345
14766,555
13949,555
13588,455
14163,235
15750,555
14659,555
14842,355
14315,445
17682,545
15932,545
13784,535
17131,555
12517,455
17164,355
12455,245
13507,555
16710,455
12913,535
15271,555
14701,555
14546,555
16477,355
13975,355
13695,445
17449,555
18245,555
17700,455
17314,455
17728,555
15245,245
17317,315
16912,445
13471,555
14243,555
18075,455
13883,555
14334,455
14676,335
13344,345
13136,355
15572,555
14397,545
16308,315
15033,555
17655,545
15521,355
15485,445
13911,355
12600,445
12520,255
13021,555
13895,445
13983,445
15782,535
18260,255
16919,255
13644,555
13422,355
14408,545
16241,555
12726,455
16255,455
17346,555
12836,355
12625,145
12708,455
14262,555
18210,555
17965,355
15752,355
12721,355
16618,345
13771,345
18077,555
17402,545
15671,445
13804,455
15696,355
15321,345
13851,245
17069,455
14439,135
12360,355
14713,555
15796,555
14732,555
17386,525
14107,345
18097,545
13971,555
13654,355
13285,455
12840,245
18230,545
12380,445
16003,445
14121,555
14125,555
17213,355
14903,455
17504,155
14854,255
13870,545
12578,445
16316,355
15993,555
14626,555
16764,555
15114,455
16871,455
13230,555
13735,455
15356,355
17644,555
13769,555
14112,455
12388,445
16928,255
17739,435
12758,245
14572,555
16081,355
12356,445
15984,555
13174,455
17596,455
14852,355
14711,555
14535,355
12408,345
12473,455
14299,555
18145,455
12685,455
15628,555
13901,255
14005,545
16633,455
14251,545
15673,255
18144,535
17924,535
12438,445
14543,545
13451,455
12906,545
17512,445
14530,455
14032,555
14868,555
17444,255
16393,555
12754,145
14146,555
17084,355
14639,355
17659,555
15514,455
16497,355
15854,555
15687,555
12916,245
12670,545
14307,255
12395,455
15861,455
12598,555
16678,555
18094,245
13631,215
16156,555
17799,455
16709,245
16607,455
16686,355
14456,555
16940,355
16218,445
18272,555
14565,255
12910,445
13047,355
15998,355
16905,555
13362,555
16326,555
14257,345
15491,255
14099,455
14235,545
17059,455
13135,115
13742,455
13869,255
17672,345
14175,355
13685,535
17231,455
15065,355
15632,455
14145,315
12456,355
17863,355
16041,415
13268,455
16837,455
14388,555
14844,355
13758,445
17685,455
13868,535
17220,455
16107,435
15443,555
12619,445
12613,455
13880,455
15622,555
17050,255
15764,255
13952,155
14702,555
17723,215
16717,555
12406,445
12480,455
17183,545
14841,355
13373,355
16556,355
14227,455
16818,555
12594,345
15676,555
15708,355
12643,225
13015,355
13148,455
16011,555
13014,555
17725,455
15228,355
13198,555
13842,355
17669,345
13437,455
15981,445
13993,355
16360,555
14221,355
15974,355
15581,255
15113,545
15129,345
13536,555
16019,555
15410,245
17758,455
17576,555
13448,455
17230,145
14395,555
14907,555
16458,555
13520,345
15505,345
16131,345
13953,525
17160,455
13334,255
13552,345
17528,555
17491,545
14040,355
15544,555
14503,555
12370,355
13426,555
15484,555
17203,355
12417,555
14132,555
13082,245
16242,555
13137,555
15296,355
13327,345
16570,555
13381,455
15379,255
16440,555
16712,555
15845,455
18079,355
12553,555
17819,235
16253,445
12647,455
12597,455
16240,555
14364,245
13266,455
13069,555
12502,255
15808,155
14282,555
16145,555
12668,555
17238,555
12429,545
16904,555
13523,355
17173,545
18087,215
16168,545
15298,555
12562,555
15299,315
13435,545
16655,455
15867,555
17091,555
12662,555
16327,455
15804,555
12539,455
15195,515
18073,245
13999,555
13124,255
12749,555
12779,455
14291,555
12841,555
17651,555
14739,545
13802,245
17593,555
14426,455
17377,455
12727,555
17611,555
14277,455
13183,545
17769,455
15529,455
15416,355
12957,555
12656,455
12867,455
14547,555
17001,555
16186,455
12378,255
17567,555
13815,455
16670,455
14401,555
16401,555
14092,555
12569,555
12449,455
16592,555
14534,555
13988,455
12536,555
15570,555
13384,455
12949,455
13555,255
16549,555
18041,455
12747,545
15971,435
17419,455
17920,555
12500,445
14525,555
12757,455
14800,355
12712,455
14422,555
15034,455
13505,355
17937,535
12347,555
18251,225
14016,255
15874,355
16945,455
12752,235
16626,555
15955,455
16984,255
17975,455
13267,555
15093,445
14085,555
17364,555
15032,135
12627,555
12524,555
12484,355
17613,455
17068,455
14004,355
14390,555
14286,455
15291,445
16931,555
14189,555
17809,445
14180,555
14191,555
15187,545
14159,455
15152,555
14135,555
12714,555
14562,555
16722,455
12955,555
17652,455
17690,455
15555,455
13013,555
15738,455
17365,455
14292,545
15786,355
12664,535
12700,555
12688,255
17133,425
12437,555
14709,455
13941,435
16191,555
14329,555
15547,555
14755,555
12444,455
17426,555
15301,355
13599,555
16700,555
15719,355
17602,555
13139,455
12432,345
15046,555
18198,555
14688,555
17061,245
15903,545
13756,555
16701,555
12362,555
17858,555
15727,455
18226,355
16258,355
17850,155
17730,555
15150,455
16303,455
13269,555
16161,555
18225,555
17719,355
12490,555
16265,555
16609,455
15805,455
16985,445
17716,455
15502,455
16767,455
12839,555
17757,555
12481,455
17049,555
18118,555
13534,555
13004,455
14049,455
13468,555
16553,245
14110,555
13050,555
12720,555
13178,455
17686,555
15218,555
14735,555
14415,555
13316,345
14505,455
13209,455
14944,455
13418,455
13097,355
15382,455
12637,355
14101,235
13225,535
17509,355
15939,245
14060,555
14057,455
15005,455
17315,555
12357,355
13668,555
12472,455
12359,555
13709,555
16126,445
18223,555
13102,555
12626,455
13871,455
12431,355
15694,545
16814,455
15144,555
12476,555
15482,455
17338,455
16182,225
16652,345
15249,455
16923,455
16353,545
16746,555
13576,555
15601,455
12830,335
16532,415
18055,555
15023,555
12705,455
17416,455
16713,455
16187,355
12989,545
13027,225
15465,445
12798,515
12766,555
14961,555
13985,555
16873,555
13324,345
16729,355
12980,225
12474,455
16745,255
12583,555
13018,455
18229,455
17396,325
13263,555
18172,455
15194,555
15044,455
17811,555
14527,555
13093,155
13629,445
15290,555
12435,235
14796,555
12428,455
14849,455
14952,355
18109,555
13854,545
16672,545
14936,555
14056,555
12683,555
15358,555
16558,555
18139,455
16656,445
17017,555
17306,545
17243,555
13090,555
16033,555
13488,455
12451,555
13969,555
18092,545
12567,455
12744,355
14367,555
14667,555
12709,555
16523,555
14733,555
13458,555
15078,555
13001,555
13199,545
12590,145
17706,555
17865,455
16843,355
16180,255
15251,545
15615,555
17107,355
16779,555
14062,545
13113,555
17139,455
14769,555
13319,555
17581,555
13340,355
12971,555
14895,555
12409,245
15125,455
14194,555
14607,445
12939,335
14606,555
17340,555
16525,555
12557,435
12682,555
16000,515
15498,555
13078,555
15640,555
14258,545
17735,555
12477,455
12540,455
12433,555
12621,555
12681,455
16705,555
14866,545
16133,555
15513,355
14031,555
16839,555
14051,555
15189,555
15856,555
17677,555
12901,555
12921,555
13767,555
13881,555
17428,555
12678,355
15159,555
12471,555
12731,455
15039,555
17675,555
17381,545
12753,555
16210,545
15749,125
13777,555
16333,535
17857,535
14680,455
13408,555
13081,555
13098,555
12748,555
17404,555
17389,555
15838,455
16013,555
12931,445
16422,455
13798,555
17841,555
14088,555
14298,555
16029,355
15769,555
17949,545
15061,555
14096,555
13089,555
15311,555
13694,555
16684,555
17511,555
14156,555
12415,455
14911,555
17450,555
18102,555
14646,555
0,555
