RANK,TOTAL_ORDERS,CUSTOMER_ID
1,3710,0
2,248,14911
3,224,12748
4,169,17841
5,128,14606
6,118,13089
6,118,15311
8,89,12971
9,86,14527
10,81,13408
11,77,14646
12,76,16029
13,75,16422
14,66,14156
15,63,13798
16,62,18102
17,60,13694
18,55,15061
18,55,17450
20,54,16013
21,53,15189
22,52,13767
22,52,15039
22,52,17949
25,51,17811
26,50,12921
27,49,12471
28,46,16133
28,46,17511
30,45,14298
31,43,13078
31,43,13534
31,43,17315
31,43,17389
31,43,17677
36,41,13098
36,41,13468
36,41,13777
36,41,17675
40,40,13113
41,39,13199
41,39,16839
41,39,17961
44,38,15078
45,36,12901
45,36,13319
47,35,12569
47,35,13263
47,35,15005
47,35,15498
47,35,17850
52,34,14096
52,34,14735
52,34,15159
55,33,13599
55,33,17428
57,32,14194
58,31,12682
58,31,14180
58,31,15856
58,31,16684
58,31,17581
58,31,17757
58,31,18109
58,31,18118
66,30,12474
66,30,17243
66,30,17381
69,29,12720
69,29,13018
69,29,13668
69,29,13854
69,29,14056
69,29,15358
69,29,15769
69,29,16525
69,29,16705
78,28,13050
78,28,14849
78,28,16168
78,28,16523
78,28,16779
83,27,12681
83,27,13069
83,27,13102
83,27,13267
83,27,14667
83,27,14688
83,27,14796
83,27,15615
83,27,16033
83,27,17017
83,27,17865
83,27,18223
95,26,12415
95,26,12709
95,26,12841
95,26,14051
95,26,16161
95,26,16729
95,26,16923
102,25,14534
102,25,16191
102,25,17857
102,25,18172
106,24,14189
106,24,14217
106,24,14560
106,24,14895
106,24,15465
106,24,16558
112,23,12621
112,23,13418
112,23,14031
112,23,14397
112,23,14680
112,23,15125
112,23,15502
112,23,16353
112,23,16672
121,22,13004
121,22,13458
121,22,13881
121,22,14562
121,22,15044
121,22,15194
121,22,15513
121,22,16333
121,22,16814
121,22,17068
121,22,17576
121,22,17706
121,22,18041
134,21,13081
134,21,14543
134,21,15290
134,21,15838
134,21,16656
134,21,16713
134,21,16931
134,21,17306
134,21,17377
134,21,18198
144,20,12476
144,20,12683
144,20,12931
144,20,13576
144,20,13969
144,20,14060
144,20,15291
144,20,15555
144,20,15805
144,20,15827
144,20,16393
144,20,16401
144,20,16626
144,20,18229
158,19,12437
158,19,12540
158,19,12757
158,19,12989
158,19,13266
158,19,14085
158,19,14367
158,19,15738
158,19,15804
158,19,16592
158,19,16746
158,19,16782
158,19,16928
158,19,16945
158,19,17611
158,19,17735
174,18,12431
174,18,12583
174,18,12584
174,18,13047
174,18,13090
174,18,14032
174,18,14057
174,18,14299
174,18,14415
174,18,14702
174,18,15144
174,18,15187
174,18,16145
174,18,16210
174,18,16458
174,18,16701
174,18,16745
174,18,16764
174,18,17404
174,18,17652
174,18,17719
174,18,18241
196,17,12712
196,17,13148
196,17,13269
196,17,13488
196,17,13709
196,17,14092
196,17,14607
196,17,15601
196,17,15640
196,17,16187
196,17,16670
196,17,16678
196,17,16700
196,17,16843
196,17,17238
196,17,17613
196,17,17644
196,17,17920
196,17,18225
215,16,12708
215,16,12839
215,16,13014
215,16,13094
215,16,13552
215,16,13769
215,16,13985
215,16,14426
215,16,14800
215,16,15046
215,16,15152
215,16,15271
215,16,15482
215,16,15622
215,16,15867
215,16,15939
215,16,15955
215,16,16011
215,16,16607
215,16,16722
215,16,16904
215,16,17340
215,16,17346
215,16,17690
215,16,17954
215,16,18283
241,15,12395
241,15,13001
241,15,13013
241,15,13230
241,15,13268
241,15,13695
241,15,13756
241,15,13999
241,15,14040
241,15,14135
241,15,14227
241,15,14282
241,15,14410
241,15,14462
241,15,14733
241,15,14808
241,15,14952
241,15,15249
241,15,15251
241,15,15602
241,15,15611
241,15,15694
241,15,16326
241,15,16570
241,15,17139
241,15,17730
241,15,17809
241,15,18065
269,14,12553
269,14,12705
269,14,12731
269,14,12955
269,14,13097
269,14,13115
269,14,13742
269,14,13871
269,14,13890
269,14,14088
269,14,14159
269,14,14191
269,14,14243
269,14,14292
269,14,14329
269,14,14401
269,14,14456
269,14,14502
269,14,14709
269,14,14944
269,14,15298
269,14,15301
269,14,15547
269,14,15581
269,14,15719
269,14,16553
269,14,16912
269,14,17071
269,14,17220
269,14,17231
269,14,17419
269,14,17651
269,14,17659
269,14,17696
269,14,17725
269,14,17790
269,14,17940
269,14,17965
269,14,17975
269,14,18075
269,14,18226
310,13,12362
310,13,12472
310,13,12483
310,13,12494
310,13,12500
310,13,12523
310,13,12619
310,13,12626
310,13,12647
310,13,12678
310,13,13093
310,13,13588
310,13,13880
310,13,13983
310,13,14110
310,13,14211
310,13,14239
310,13,14390
310,13,14525
310,13,14573
310,13,14776
310,13,14866
310,13,15021
310,13,15373
310,13,15514
310,13,15518
310,13,15521
310,13,15570
310,13,16156
310,13,16186
310,13,16241
310,13,16817
310,13,16818
310,13,17069
310,13,17402
310,13,17870
310,13,17924
310,13,18073
348,12,12417
348,12,12428
348,12,12457
348,12,12662
348,12,12779
348,12,12877
348,12,12957
348,12,12980
348,12,13021
348,12,13184
348,12,13324
348,12,13426
348,12,13571
348,12,13631
348,12,13993
348,12,14062
348,12,14099
348,12,14112
348,12,14132
348,12,14291
348,12,14395
348,12,14659
348,12,14701
348,12,14711
348,12,14713
348,12,14755
348,12,14825
348,12,14961
348,12,15023
348,12,15235
348,12,15281
348,12,15529
348,12,15660
348,12,15696
348,12,15737
348,12,15854
348,12,15971
348,12,16293
348,12,16316
348,12,16359
348,12,16794
348,12,16837
348,12,17061
348,12,17364
348,12,17716
348,12,17769
348,12,17858
348,12,17997
348,12,18092
348,12,18144
348,12,18257
399,11,12352
399,11,12481
399,11,12567
399,11,12594
399,11,12600
399,11,12747
399,11,12753
399,11,12947
399,11,13012
399,11,13136
399,11,13178
399,11,13209
399,11,13629
399,11,13630
399,11,13725
399,11,13784
399,11,13924
399,11,13971
399,11,14505
399,11,14810
399,11,15033
399,11,15034
399,11,15058
399,11,15059
399,11,15129
399,11,15150
399,11,15201
399,11,15218
399,11,15299
399,11,15544
399,11,15606
399,11,15687
399,11,15708
399,11,15932
399,11,15984
399,11,16076
399,11,16265
399,11,16474
399,11,16638
399,11,16652
399,11,16712
399,11,16767
399,11,16775
399,11,16919
399,11,16985
399,11,17001
399,11,17049
399,11,17063
399,11,17162
399,11,17213
399,11,17230
399,11,17314
399,11,17490
399,11,17491
399,11,17509
399,11,17512
399,11,17528
399,11,17799
399,11,18044
399,11,18055
399,11,18077
399,11,18219
461,10,12490
461,10,12637
461,10,12664
461,10,12704
461,10,12744
461,10,12867
461,10,12949
461,10,13082
461,10,13126
461,10,13305
461,10,13394
461,10,13448
461,10,13491
461,10,13700
461,10,13704
461,10,13755
461,10,13862
461,10,13870
461,10,14188
461,10,14221
461,10,14258
461,10,14309
461,10,14388
461,10,14441
461,10,14572
461,10,14587
461,10,14732
461,10,14769
461,10,14901
461,10,14903
461,10,14907
461,10,15024
461,10,15114
461,10,15296
461,10,15304
461,10,15351
461,10,15356
461,10,15473
461,10,15527
461,10,15628
461,10,15632
461,10,15671
461,10,15764
461,10,15796
461,10,15845
461,10,15916
461,10,15953
461,10,15993
461,10,16016
461,10,16019
461,10,16057
461,10,16150
461,10,16180
461,10,16255
461,10,16407
461,10,16426
461,10,16549
461,10,16710
461,10,16813
461,10,16873
461,10,16942
461,10,16966
461,10,17091
461,10,17114
461,10,17218
461,10,17338
461,10,17422
461,10,17442
461,10,17451
461,10,17504
461,10,17530
461,10,17567
461,10,17612
461,10,17705
461,10,17837
461,10,17888
461,10,18061
461,10,18230
539,9,12408
539,9,12423
539,9,12473
539,9,12477
539,9,12598
539,9,12679
539,9,12727
539,9,12843
539,9,12853
539,9,12963
539,9,13137
539,9,13183
539,9,13317
539,9,13327
539,9,13384
539,9,13435
539,9,13610
539,9,13842
539,9,13883
539,9,13911
539,9,13988
539,9,14071
539,9,14083
539,9,14201
539,9,14334
539,9,14341
539,9,14407
539,9,14524
539,9,14533
539,9,14546
539,9,14547
539,9,14696
539,9,14704
539,9,14738
539,9,14744
539,9,14794
539,9,14868
539,9,14878
539,9,14936
539,9,15093
539,9,15241
539,9,15270
539,9,15365
539,9,15596
539,9,15750
539,9,15811
539,9,15861
539,9,15874
539,9,16306
539,9,16362
539,9,16365
539,9,16394
539,9,16550
539,9,16609
539,9,16686
539,9,16717
539,9,16875
539,9,16954
539,9,16996
539,9,17097
539,9,17173
539,9,17188
539,9,17193
539,9,17204
539,9,17211
539,9,17293
539,9,17323
539,9,17368
539,9,17416
539,9,17434
539,9,17629
539,9,17634
539,9,17663
539,9,17750
539,9,17800
539,9,17828
539,9,17848
539,9,17861
539,9,18008
539,9,18168
619,8,12464
619,8,12484
619,8,12524
619,8,12528
619,8,12656
619,8,12749
619,8,12783
619,8,12826
619,8,12856
619,8,12909
619,8,12910
619,8,12919
619,8,12935
619,8,12939
619,8,12948
619,8,12951
619,8,13026
619,8,13110
619,8,13117
619,8,13139
619,8,13198
619,8,13225
619,8,13477
619,8,13481
619,8,13505
619,8,13520
619,8,13527
619,8,13549
619,8,13715
619,8,13735
619,8,13743
619,8,14030
619,8,14102
619,8,14107
619,8,14113
619,8,14232
619,8,14262
619,8,14344
619,8,14364
619,8,14414
619,8,14472
619,8,14541
619,8,14639
619,8,14640
619,8,14676
619,8,14730
619,8,14739
619,8,14766
619,8,14834
619,8,14842
619,8,14854
619,8,14898
619,8,14976
619,8,15107
619,8,15128
619,8,15134
619,8,15140
619,8,15214
619,8,15260
619,8,15370
619,8,15379
619,8,15382
619,8,15410
619,8,15443
619,8,15625
619,8,15658
619,8,15674
619,8,15752
619,8,15755
619,8,15785
619,8,15860
619,8,15864
619,8,15881
619,8,15903
619,8,15906
619,8,15910
619,8,15974
619,8,15981
619,8,16115
619,8,16218
619,8,16242
619,8,16332
619,8,16360
619,8,16719
619,8,16725
619,8,16743
619,8,16790
619,8,16791
619,8,16905
619,8,16910
619,8,16979
619,8,16983
619,8,17090
619,8,17109
619,8,17164
619,8,17183
619,8,17228
619,8,17365
619,8,17372
619,8,17396
619,8,17449
619,8,17460
619,8,17526
619,8,17562
619,8,17591
619,8,17602
619,8,17655
619,8,17739
619,8,17758
619,8,17819
619,8,17867
619,8,17894
619,8,17988
619,8,18116
619,8,18139
619,8,18245
619,8,18260
736,7,12347
736,7,12409
736,7,12433
736,7,12463
736,7,12562
736,7,12599
736,7,12610
736,7,12627
736,7,12674
736,7,12684
736,7,12721
736,7,12726
736,7,12766
736,7,12778
736,7,12830
736,7,12997
736,7,13118
736,7,13134
736,7,13208
736,7,13232
736,7,13246
736,7,13340
736,7,13381
736,7,13410
736,7,13437
736,7,13456
736,7,13499
736,7,13509
736,7,13536
736,7,13538
736,7,13590
736,7,13623
736,7,13627
736,7,13650
736,7,13658
736,7,13662
736,7,13685
736,7,13717
736,7,13758
736,7,13804
736,7,13941
736,7,13953
736,7,13975
736,7,13991
736,7,14004
736,7,14047
736,7,14064
736,7,14175
736,7,14178
736,7,14198
736,7,14209
736,7,14210
736,7,14214
736,7,14215
736,7,14226
736,7,14267
736,7,14315
736,7,14404
736,7,14408
736,7,14409
736,7,14428
736,7,14443
736,7,14466
736,7,14487
736,7,14493
736,7,14507
736,7,14626
736,7,14653
736,7,14665
736,7,14883
736,7,14910
736,7,14948
736,7,15038
736,7,15105
736,7,15106
736,7,15110
736,7,15179
736,7,15220
736,7,15240
736,7,15426
736,7,15453
736,7,15491
736,7,15493
736,7,15505
736,7,15535
736,7,15563
736,7,15572
736,7,15706
736,7,15727
736,7,15810
736,7,15987
736,7,15996
736,7,16027
736,7,16042
736,7,16098
736,7,16107
736,7,16143
736,7,16170
736,7,16173
736,7,16184
736,7,16266
736,7,16283
736,7,16321
736,7,16348
736,7,16419
736,7,16434
736,7,16455
736,7,16463
736,7,16466
736,7,16477
736,7,16531
736,7,16554
736,7,16556
736,7,16633
736,7,16735
736,7,16744
736,7,16841
736,7,16871
736,7,16880
736,7,16892
736,7,16918
736,7,16929
736,7,16949
736,7,16987
736,7,17007
736,7,17027
736,7,17096
736,7,17107
736,7,17126
736,7,17133
736,7,17135
736,7,17191
736,7,17214
736,7,17284
736,7,17287
736,7,17288
736,7,17337
736,7,17412
736,7,17426
736,7,17519
736,7,17596
736,7,17669
736,7,17673
736,7,17676
736,7,17682
736,7,17685
736,7,17686
736,7,17744
736,7,17813
736,7,17874
736,7,17937
736,7,18069
736,7,18094
736,7,18097
736,7,18171
736,7,18177
736,7,18272
893,6,12359
893,6,12381
893,6,12383
893,6,12388
893,6,12451
893,6,12455
893,6,12517
893,6,12520
893,6,12576
893,6,12601
893,6,12613
893,6,12643
893,6,12668
893,6,12670
893,6,12676
893,6,12685
893,6,12691
893,6,12693
893,6,12700
893,6,12722
893,6,12775
893,6,12782
893,6,12828
893,6,12840
893,6,12868
893,6,13027
893,6,13092
893,6,13104
893,6,13138
893,6,13141
893,6,13213
893,6,13282
893,6,13310
893,6,13320
893,6,13397
893,6,13450
893,6,13451
893,6,13495
893,6,13523
893,6,13593
893,6,13632
893,6,13636
893,6,13654
893,6,13672
893,6,13728
893,6,13752
893,6,13782
893,6,13802
893,6,13831
893,6,13860
893,6,13882
893,6,13884
893,6,13925
893,6,13949
893,6,13984
893,6,13994
893,6,13995
893,6,14049
893,6,14078
893,6,14101
893,6,14121
893,6,14141
893,6,14146
893,6,14235
893,6,14257
893,6,14289
893,6,14290
893,6,14297
893,6,14307
893,6,14312
893,6,14342
893,6,14359
893,6,14419
893,6,14422
893,6,14432
893,6,14434
893,6,14475
893,6,14482
893,6,14503
893,6,14511
893,6,14515
893,6,14530
893,6,14565
893,6,14595
893,6,14621
893,6,14623
893,6,14719
893,6,14723
893,6,14741
893,6,14745
893,6,14748
893,6,14829
893,6,14841
893,6,14852
893,6,14931
893,6,15027
893,6,15065
893,6,15081
893,6,15089
893,6,15100
893,6,15117
893,6,15122
893,6,15203
893,6,15208
893,6,15215
893,6,15253
893,6,15380
893,6,15400
893,6,15434
893,6,15508
893,6,15532
893,6,15594
893,6,15620
893,6,15621
893,6,15643
893,6,15681
893,6,15722
893,6,15745
893,6,15809
893,6,15814
893,6,15834
893,6,15841
893,6,15898
893,6,15998
893,6,16059
893,6,16086
893,6,16094
893,6,16103
893,6,16131
893,6,16235
893,6,16271
893,6,16327
893,6,16341
893,6,16493
893,6,16497
893,6,16500
893,6,16566
893,6,16600
893,6,16618
893,6,16628
893,6,16655
893,6,16668
893,6,16681
893,6,16770
893,6,16809
893,6,16877
893,6,16899
893,6,16915
893,6,16989
893,6,16992
893,6,16998
893,6,17048
893,6,17050
893,6,17054
893,6,17085
893,6,17086
893,6,17095
893,6,17147
893,6,17160
893,6,17180
893,6,17203
893,6,17227
893,6,17236
893,6,17302
893,6,17386
893,6,17463
893,6,17469
893,6,17527
893,6,17552
893,6,17593
893,6,17609
893,6,17633
893,6,17671
893,6,17700
893,6,17702
893,6,17722
893,6,17723
893,6,17754
893,6,17838
893,6,17856
893,6,17863
893,6,17873
893,6,17912
893,6,17994
893,6,18037
893,6,18122
893,6,18161
893,6,18167
893,6,18178
893,6,18179
893,6,18180
893,6,18183
893,6,18210
893,6,18221
893,6,18231
893,6,18236
1089,5,12380
1089,5,12407
1089,5,12413
1089,5,12421
1089,5,12427
1089,5,12432
1089,5,12444
1089,5,12502
1089,5,12518
1089,5,12530
1089,5,12536
1089,5,12539
1089,5,12557
1089,5,12597
1089,5,12616
1089,5,12633
1089,5,12645
1089,5,12654
1089,5,12657
1089,5,12697
1089,5,12714
1089,5,12723
1089,5,12754
1089,5,12781
1089,5,12823
1089,5,12854
1089,5,12906
1089,5,12912
1089,5,12913
1089,5,12916
1089,5,12924
1089,5,12928
1089,5,12936
1089,5,12952
1089,5,12994
1089,5,13015
1089,5,13048
1089,5,13079
1089,5,13107
1089,5,13109
1089,5,13145
1089,5,13157
1089,5,13159
1089,5,13162
1089,5,13168
1089,5,13171
1089,5,13186
1089,5,13217
1089,5,13238
1089,5,13265
1089,5,13309
1089,5,13313
1089,5,13316
1089,5,13323
1089,5,13362
1089,5,13510
1089,5,13517
1089,5,13524
1089,5,13564
1089,5,13575
1089,5,13577
1089,5,13634
1089,5,13644
1089,5,13647
1089,5,13680
1089,5,13692
1089,5,13719
1089,5,13748
1089,5,13750
1089,5,13771
1089,5,13808
1089,5,13813
1089,5,13815
1089,5,13824
1089,5,13856
1089,5,13875
1089,5,13894
1089,5,13895
1089,5,13901
1089,5,13908
1089,5,13950
1089,5,13956
1089,5,13982
1089,5,14005
1089,5,14016
1089,5,14035
1089,5,14077
1089,5,14111
1089,5,14116
1089,5,14129
1089,5,14133
1089,5,14145
1089,5,14176
1089,5,14177
1089,5,14229
1089,5,14231
1089,5,14233
1089,5,14245
1089,5,14251
1089,5,14276
1089,5,14286
1089,5,14305
1089,5,14321
1089,5,14389
1089,5,14403
1089,5,14440
1089,5,14442
1089,5,14447
1089,5,14477
1089,5,14498
1089,5,14506
1089,5,14553
1089,5,14583
1089,5,14584
1089,5,14625
1089,5,14655
1089,5,14657
1089,5,14673
1089,5,14684
1089,5,14691
1089,5,14692
1089,5,14698
1089,5,14837
1089,5,14859
1089,5,14875
1089,5,14916
1089,5,14959
1089,5,14963
1089,5,14978
1089,5,15032
1089,5,15048
1089,5,15050
1089,5,15079
1089,5,15095
1089,5,15098
1089,5,15108
1089,5,15132
1089,5,15136
1089,5,15157
1089,5,15172
1089,5,15181
1089,5,15197
1089,5,15227
1089,5,15228
1089,5,15238
1089,5,15267
1089,5,15288
1089,5,15312
1089,5,15329
1089,5,15344
1089,5,15367
1089,5,15392
1089,5,15411
1089,5,15416
1089,5,15449
1089,5,15468
1089,5,15484
1089,5,15511
1089,5,15533
1089,5,15561
1089,5,15569
1089,5,15584
1089,5,15605
1089,5,15618
1089,5,15669
1089,5,15676
1089,5,15712
1089,5,15777
1089,5,15786
1089,5,15808
1089,5,15812
1089,5,15815
1089,5,15839
1089,5,15855
1089,5,15858
1089,5,15882
1089,5,15938
1089,5,15950
1089,5,16003
1089,5,16066
1089,5,16081
1089,5,16085
1089,5,16092
1089,5,16120
1089,5,16128
1089,5,16153
1089,5,16172
1089,5,16201
1089,5,16203
1089,5,16209
1089,5,16225
1089,5,16232
1089,5,16233
1089,5,16240
1089,5,16245
1089,5,16249
1089,5,16258
1089,5,16325
1089,5,16350
1089,5,16358
1089,5,16379
1089,5,16389
1089,5,16395
1089,5,16409
1089,5,16438
1089,5,16440
1089,5,16444
1089,5,16456
1089,5,16470
1089,5,16499
1089,5,16503
1089,5,16515
1089,5,16533
1089,5,16571
1089,5,16637
1089,5,16654
1089,5,16660
1089,5,16676
1089,5,16682
1089,5,16709
1089,5,16711
1089,5,16726
1089,5,16748
1089,5,16750
1089,5,16755
1089,5,16768
1089,5,16771
1089,5,16774
1089,5,16801
1089,5,16859
1089,5,16869
1089,5,16891
1089,5,16900
1089,5,16907
1089,5,16933
1089,5,16938
1089,5,16955
1089,5,16984
1089,5,17042
1089,5,17059
1089,5,17062
1089,5,17075
1089,5,17115
1089,5,17131
1089,5,17175
1089,5,17262
1089,5,17272
1089,5,17317
1089,5,17348
1089,5,17350
1089,5,17400
1089,5,17405
1089,5,17406
1089,5,17410
1089,5,17440
1089,5,17457
1089,5,17470
1089,5,17481
1089,5,17516
1089,5,17522
1089,5,17554
1089,5,17560
1089,5,17603
1089,5,17648
1089,5,17653
1089,5,17656
1089,5,17667
1089,5,17692
1089,5,17728
1089,5,17731
1089,5,17738
1089,5,17770
1089,5,17774
1089,5,17779
1089,5,17827
1089,5,17869
1089,5,17929
1089,5,17930
1089,5,17966
1089,5,17979
1089,5,18016
1089,5,18093
1089,5,18125
1089,5,18135
1089,5,18211
1089,5,18232
1089,5,18237
1089,5,18239
1377,4,12348
1377,4,12364
1377,4,12370
1377,4,12393
1377,4,12399
1377,4,12429
1377,4,12434
1377,4,12449
1377,4,12456
1377,4,12462
1377,4,12480
1377,4,12504
1377,4,12507
1377,4,12560
1377,4,12577
1377,4,12578
1377,4,12585
1377,4,12615
1377,4,12628
1377,4,12649
1377,4,12669
1377,4,12680
1377,4,12695
1377,4,12710
1377,4,12724
1377,4,12728
1377,4,12755
1377,4,12820
1377,4,12836
1377,4,12845
1377,4,12879
1377,4,12883
1377,4,12885
1377,4,12888
1377,4,12908
1377,4,12930
1377,4,12933
1377,4,12937
1377,4,12940
1377,4,12967
1377,4,12970
1377,4,12993
1377,4,13055
1377,4,13064
1377,4,13077
1377,4,13131
1377,4,13147
1377,4,13149
1377,4,13155
1377,4,13158
1377,4,13167
1377,4,13196
1377,4,13200
1377,4,13203
1377,4,13212
1377,4,13220
1377,4,13240
1377,4,13247
1377,4,13277
1377,4,13285
1377,4,13297
1377,4,13301
1377,4,13308
1377,4,13314
1377,4,13329
1377,4,13396
1377,4,13420
1377,4,13429
1377,4,13430
1377,4,13447
1377,4,13455
1377,4,13471
1377,4,13475
1377,4,13476
1377,4,13489
1377,4,13500
1377,4,13507
1377,4,13515
1377,4,13539
1377,4,13555
1377,4,13558
1377,4,13592
1377,4,13611
1377,4,13614
1377,4,13681
1377,4,13720
1377,4,13722
1377,4,13741
1377,4,13810
1377,4,13811
1377,4,13816
1377,4,13835
1377,4,13838
1377,4,13846
1377,4,13865
1377,4,13869
1377,4,13873
1377,4,13892
1377,4,13928
1377,4,13939
1377,4,13940
1377,4,13963
1377,4,14001
1377,4,14019
1377,4,14034
1377,4,14038
1377,4,14044
1377,4,14045
1377,4,14081
1377,4,14126
1377,4,14163
1377,4,14167
1377,4,14173
1377,4,14205
1377,4,14216
1377,4,14223
1377,4,14224
1377,4,14234
1377,4,14273
1377,4,14277
1377,4,14285
1377,4,14287
1377,4,14293
1377,4,14323
1377,4,14336
1377,4,14338
1377,4,14339
1377,4,14352
1377,4,14356
1377,4,14360
1377,4,14446
1377,4,14449
1377,4,14460
1377,4,14467
1377,4,14504
1377,4,14513
1377,4,14522
1377,4,14532
1377,4,14535
1377,4,14554
1377,4,14577
1377,4,14591
1377,4,14608
1377,4,14609
1377,4,14618
1377,4,14644
1377,4,14649
1377,4,14662
1377,4,14708
1377,4,14710
1377,4,14715
1377,4,14740
1377,4,14758
1377,4,14790
1377,4,14805
1377,4,14820
1377,4,14824
1377,4,14844
1377,4,14867
1377,4,14871
1377,4,14897
1377,4,14913
1377,4,14937
1377,4,14970
1377,4,14997
1377,4,15002
1377,4,15018
1377,4,15022
1377,4,15028
1377,4,15031
1377,4,15060
1377,4,15062
1377,4,15073
1377,4,15113
1377,4,15116
1377,4,15145
1377,4,15199
1377,4,15206
1377,4,15237
1377,4,15289
1377,4,15297
1377,4,15321
1377,4,15332
1377,4,15394
1377,4,15406
1377,4,15407
1377,4,15421
1377,4,15467
1377,4,15469
1377,4,15483
1377,4,15489
1377,4,15500
1377,4,15525
1377,4,15530
1377,4,15549
1377,4,15550
1377,4,15571
1377,4,15574
1377,4,15587
1377,4,15589
1377,4,15608
1377,4,15624
1377,4,15641
1377,4,15644
1377,4,15646
1377,4,15648
1377,4,15656
1377,4,15673
1377,4,15679
1377,4,15701
1377,4,15704
1377,4,15707
1377,4,15716
1377,4,15730
1377,4,15743
1377,4,15749
1377,4,15754
1377,4,15756
1377,4,15768
1377,4,15781
1377,4,15782
1377,4,15793
1377,4,15797
1377,4,15801
1377,4,15819
1377,4,15826
1377,4,15831
1377,4,15835
1377,4,15862
1377,4,15920
1377,4,15952
1377,4,15965
1377,4,15969
1377,4,15983
1377,4,16005
1377,4,16007
1377,4,16009
1377,4,16014
1377,4,16015
1377,4,16038
1377,4,16043
1377,4,16045
1377,4,16062
1377,4,16112
1377,4,16122
1377,4,16126
1377,4,16140
1377,4,16157
1377,4,16160
1377,4,16164
1377,4,16169
1377,4,16175
1377,4,16182
1377,4,16188
1377,4,16205
1377,4,16206
1377,4,16217
1377,4,16224
1377,4,16261
1377,4,16279
1377,4,16295
1377,4,16297
1377,4,16303
1377,4,16308
1377,4,16330
1377,4,16342
1377,4,16356
1377,4,16361
1377,4,16370
1377,4,16398
1377,4,16416
1377,4,16462
1377,4,16469
1377,4,16473
1377,4,16475
1377,4,16488
1377,4,16496
1377,4,16513
1377,4,16520
1377,4,16539
1377,4,16572
1377,4,16573
1377,4,16612
1377,4,16621
1377,4,16639
1377,4,16657
1377,4,16669
1377,4,16688
1377,4,16696
1377,4,16714
1377,4,16728
1377,4,16730
1377,4,16747
1377,4,16759
1377,4,16806
1377,4,16816
1377,4,16833
1377,4,16842
1377,4,16863
1377,4,16898
1377,4,16906
1377,4,16924
1377,4,16951
1377,4,17002
1377,4,17006
1377,4,17014
1377,4,17019
1377,4,17034
1377,4,17041
1377,4,17043
1377,4,17073
1377,4,17088
1377,4,17092
1377,4,17101
1377,4,17152
1377,4,17159
1377,4,17169
1377,4,17268
1377,4,17289
1377,4,17299
1377,4,17324
1377,4,17345
1377,4,17370
1377,4,17373
1377,4,17375
1377,4,17388
1377,4,17411
1377,4,17423
1377,4,17429
1377,4,17454
1377,4,17502
1377,4,17515
1377,4,17521
1377,4,17523
1377,4,17571
1377,4,17572
1377,4,17573
1377,4,17579
1377,4,17585
1377,4,17589
1377,4,17621
1377,4,17625
1377,4,17646
1377,4,17672
1377,4,17720
1377,4,17724
1377,4,17736
1377,4,17787
1377,4,17796
1377,4,17802
1377,4,17812
1377,4,17816
1377,4,17849
1377,4,17883
1377,4,17884
1377,4,17897
1377,4,17900
1377,4,17905
1377,4,17921
1377,4,17950
1377,4,17951
1377,4,17955
1377,4,18059
1377,4,18079
1377,4,18087
1377,4,18130
1377,4,18136
1377,4,18142
1377,4,18145
1377,4,18155
1377,4,18173
1377,4,18188
1377,4,18204
1377,4,18218
1377,4,18242
1377,4,18248
1377,4,18263
1754,3,12356
1754,3,12360
1754,3,12365
1754,3,12372
1754,3,12375
1754,3,12379
1754,3,12384
1754,3,12406
1754,3,12410
1754,3,12412
1754,3,12414
1754,3,12422
1754,3,12452
1754,3,12465
1754,3,12468
1754,3,12479
1754,3,12488
1754,3,12493
1754,3,12498
1754,3,12526
1754,3,12527
1754,3,12541
1754,3,12546
1754,3,12559
1754,3,12572
1754,3,12579
1754,3,12590
1754,3,12593
1754,3,12609
1754,3,12620
1754,3,12625
1754,3,12640
1754,3,12642
1754,3,12717
1754,3,12719
1754,3,12759
1754,3,12787
1754,3,12797
1754,3,12798
1754,3,12808
1754,3,12811
1754,3,12822
1754,3,12827
1754,3,12829
1754,3,12865
1754,3,12878
1754,3,12886
1754,3,12891
1754,3,12895
1754,3,12942
1754,3,12950
1754,3,12985
1754,3,12987
1754,3,12990
1754,3,12999
1754,3,13000
1754,3,13003
1754,3,13005
1754,3,13016
1754,3,13028
1754,3,13029
1754,3,13032
1754,3,13035
1754,3,13037
1754,3,13038
1754,3,13058
1754,3,13066
1754,3,13085
1754,3,13124
1754,3,13140
1754,3,13174
1754,3,13211
1754,3,13224
1754,3,13236
1754,3,13242
1754,3,13249
1754,3,13255
1754,3,13258
1754,3,13280
1754,3,13318
1754,3,13330
1754,3,13334
1754,3,13338
1754,3,13344
1754,3,13350
1754,3,13365
1754,3,13373
1754,3,13376
1754,3,13379
1754,3,13388
1754,3,13389
1754,3,13405
1754,3,13414
1754,3,13421
1754,3,13425
1754,3,13427
1754,3,13461
1754,3,13473
1754,3,13479
1754,3,13486
1754,3,13487
1754,3,13492
1754,3,13496
1754,3,13497
1754,3,13502
1754,3,13506
1754,3,13516
1754,3,13521
1754,3,13533
1754,3,13546
1754,3,13562
1754,3,13587
1754,3,13591
1754,3,13606
1754,3,13617
1754,3,13637
1754,3,13643
1754,3,13652
1754,3,13659
1754,3,13666
1754,3,13705
1754,3,13736
1754,3,13763
1754,3,13764
1754,3,13772
1754,3,13791
1754,3,13812
1754,3,13814
1754,3,13819
1754,3,13827
1754,3,13848
1754,3,13851
1754,3,13867
1754,3,13900
1754,3,13914
1754,3,13919
1754,3,13929
1754,3,13931
1754,3,13946
1754,3,13951
1754,3,13952
1754,3,13954
1754,3,13959
1754,3,14006
1754,3,14009
1754,3,14013
1754,3,14021
1754,3,14075
1754,3,14108
1754,3,14125
1754,3,14127
1754,3,14140
1754,3,14147
1754,3,14149
1754,3,14152
1754,3,14157
1754,3,14161
1754,3,14195
1754,3,14246
1754,3,14250
1754,3,14256
1754,3,14264
1754,3,14284
1754,3,14306
1754,3,14320
1754,3,14332
1754,3,14383
1754,3,14385
1754,3,14387
1754,3,14412
1754,3,14418
1754,3,14450
1754,3,14461
1754,3,14463
1754,3,14465
1754,3,14499
1754,3,14500
1754,3,14501
1754,3,14514
1754,3,14529
1754,3,14540
1754,3,14561
1754,3,14567
1754,3,14586
1754,3,14592
1754,3,14593
1754,3,14616
1754,3,14620
1754,3,14629
1754,3,14631
1754,3,14643
1754,3,14669
1754,3,14681
1754,3,14690
1754,3,14700
1754,3,14712
1754,3,14720
1754,3,14731
1754,3,14737
1754,3,14759
1754,3,14765
1754,3,14768
1754,3,14775
1754,3,14779
1754,3,14798
1754,3,14803
1754,3,14818
1754,3,14823
1754,3,14828
1754,3,14836
1754,3,14853
1754,3,14856
1754,3,14857
1754,3,14869
1754,3,14880
1754,3,14905
1754,3,14912
1754,3,14915
1754,3,14930
1754,3,14934
1754,3,14958
1754,3,14971
1754,3,14973
1754,3,15009
1754,3,15026
1754,3,15036
1754,3,15045
1754,3,15051
1754,3,15053
1754,3,15067
1754,3,15088
1754,3,15101
1754,3,15104
1754,3,15111
1754,3,15133
1754,3,15146
1754,3,15156
1754,3,15164
1754,3,15192
1754,3,15205
1754,3,15213
1754,3,15223
1754,3,15224
1754,3,15239
1754,3,15245
1754,3,15287
1754,3,15306
1754,3,15315
1754,3,15334
1754,3,15339
1754,3,15376
1754,3,15384
1754,3,15398
1754,3,15399
1754,3,15414
1754,3,15427
1754,3,15429
1754,3,15433
1754,3,15436
1754,3,15440
1754,3,15452
1754,3,15456
1754,3,15462
1754,3,15485
1754,3,15497
1754,3,15506
1754,3,15516
1754,3,15568
1754,3,15577
1754,3,15582
1754,3,15598
1754,3,15630
1754,3,15651
1754,3,15675
1754,3,15680
1754,3,15700
1754,3,15713
1754,3,15724
1754,3,15747
1754,3,15759
1754,3,15763
1754,3,15780
1754,3,15787
1754,3,15791
1754,3,15799
1754,3,15802
1754,3,15806
1754,3,15807
1754,3,15840
1754,3,15865
1754,3,15877
1754,3,15885
1754,3,15901
1754,3,15907
1754,3,15933
1754,3,15951
1754,3,15973
1754,3,15980
1754,3,15985
1754,3,16000
1754,3,16008
1754,3,16010
1754,3,16012
1754,3,16020
1754,3,16023
1754,3,16034
1754,3,16037
1754,3,16040
1754,3,16041
1754,3,16048
1754,3,16049
1754,3,16079
1754,3,16080
1754,3,16099
1754,3,16101
1754,3,16102
1754,3,16110
1754,3,16134
1754,3,16136
1754,3,16139
1754,3,16146
1754,3,16163
1754,3,16174
1754,3,16212
1754,3,16214
1754,3,16221
1754,3,16226
1754,3,16239
1754,3,16253
1754,3,16278
1754,3,16298
1754,3,16309
1754,3,16317
1754,3,16324
1754,3,16357
1754,3,16369
1754,3,16376
1754,3,16378
1754,3,16385
1754,3,16418
1754,3,16431
1754,3,16442
1754,3,16446
1754,3,16449
1754,3,16454
1754,3,16460
1754,3,16464
1754,3,16478
1754,3,16484
1754,3,16495
1754,3,16498
1754,3,16511
1754,3,16518
1754,3,16532
1754,3,16546
1754,3,16551
1754,3,16560
1754,3,16584
1754,3,16589
1754,3,16593
1754,3,16642
1754,3,16653
1754,3,16671
1754,3,16689
1754,3,16690
1754,3,16706
1754,3,16716
1754,3,16734
1754,3,16762
1754,3,16804
1754,3,16807
1754,3,16832
1754,3,16838
1754,3,16851
1754,3,16861
1754,3,16866
1754,3,16872
1754,3,16882
1754,3,16885
1754,3,16889
1754,3,16897
1754,3,16927
1754,3,16930
1754,3,16940
1754,3,16943
1754,3,16948
1754,3,16950
1754,3,16960
1754,3,16969
1754,3,16997
1754,3,17015
1754,3,17024
1754,3,17025
1754,3,17033
1754,3,17035
1754,3,17044
1754,3,17045
1754,3,17047
1754,3,17058
1754,3,17064
1754,3,17076
1754,3,17080
1754,3,17083
1754,3,17119
1754,3,17146
1754,3,17157
1754,3,17158
1754,3,17166
1754,3,17179
1754,3,17190
1754,3,17198
1754,3,17266
1754,3,17282
1754,3,17295
1754,3,17312
1754,3,17320
1754,3,17334
1754,3,17341
1754,3,17351
1754,3,17360
1754,3,17361
1754,3,17371
1754,3,17398
1754,3,17420
1754,3,17444
1754,3,17461
1754,3,17462
1754,3,17472
1754,3,17483
1754,3,17500
1754,3,17540
1754,3,17545
1754,3,17548
1754,3,17550
1754,3,17557
1754,3,17564
1754,3,17580
1754,3,17584
1754,3,17588
1754,3,17590
1754,3,17615
1754,3,17616
1754,3,17618
1754,3,17631
1754,3,17658
1754,3,17693
1754,3,17703
1754,3,17734
1754,3,17759
1754,3,17765
1754,3,17768
1754,3,17777
1754,3,17797
1754,3,17817
1754,3,17830
1754,3,17835
1754,3,17864
1754,3,17886
1754,3,17892
1754,3,17917
1754,3,17932
1754,3,17974
1754,3,17980
1754,3,17990
1754,3,18017
1754,3,18024
1754,3,18030
1754,3,18035
1754,3,18036
1754,3,18043
1754,3,18062
1754,3,18081
1754,3,18096
1754,3,18127
1754,3,18149
1754,3,18150
1754,3,18158
1754,3,18170
1754,3,18189
1754,3,18190
1754,3,18193
1754,3,18202
1754,3,18228
1754,3,18235
1754,3,18259
1754,3,18270
1754,3,18273
1754,3,18276
1754,3,18282
1754,3,18287
2244,2,12346
2244,2,12358
2244,2,12363
2244,2,12371
2244,2,12377
2244,2,12386
2244,2,12394
2244,2,12397
2244,2,12403
2244,2,12424
2244,2,12435
2244,2,12438
2244,2,12450
2244,2,12454
2244,2,12458
2244,2,12461
2244,2,12492
2244,2,12501
2244,2,12508
2244,2,12510
2244,2,12512
2244,2,12513
2244,2,12516
2244,2,12522
2244,2,12535
2244,2,12544
2244,2,12545
2244,2,12547
2244,2,12552
2244,2,12556
2244,2,12558
2244,2,12565
2244,2,12566
2244,2,12571
2244,2,12582
2244,2,12586
2244,2,12589
2244,2,12592
2244,2,12596
2244,2,12604
2244,2,12607
2244,2,12612
2244,2,12624
2244,2,12630
2244,2,12635
2244,2,12646
2244,2,12652
2244,2,12653
2244,2,12665
2244,2,12673
2244,2,12689
2244,2,12694
2244,2,12701
2244,2,12703
2244,2,12716
2244,2,12735
2244,2,12739
2244,2,12743
2244,2,12758
2244,2,12762
2244,2,12763
2244,2,12784
2244,2,12785
2244,2,12793
2244,2,12794
2244,2,12802
2244,2,12809
2244,2,12815
2244,2,12816
2244,2,12818
2244,2,12832
2244,2,12838
2244,2,12842
2244,2,12844
2244,2,12849
2244,2,12852
2244,2,12857
2244,2,12863
2244,2,12871
2244,2,12872
2244,2,12875
2244,2,12876
2244,2,12882
2244,2,12897
2244,2,12904
2244,2,12915
2244,2,12925
2244,2,12929
2244,2,12944
2244,2,12962
2244,2,12981
2244,2,12982
2244,2,12991
2244,2,12995
2244,2,13008
2244,2,13023
2244,2,13030
2244,2,13034
2244,2,13040
2244,2,13043
2244,2,13046
2244,2,13049
2244,2,13068
2244,2,13083
2244,2,13091
2244,2,13106
2244,2,13116
2244,2,13121
2244,2,13122
2244,2,13133
2244,2,13151
2244,2,13165
2244,2,13166
2244,2,13169
2244,2,13173
2244,2,13189
2244,2,13192
2244,2,13207
2244,2,13221
2244,2,13223
2244,2,13233
2244,2,13235
2244,2,13248
2244,2,13253
2244,2,13261
2244,2,13271
2244,2,13272
2244,2,13276
2244,2,13279
2244,2,13283
2244,2,13284
2244,2,13292
2244,2,13294
2244,2,13295
2244,2,13300
2244,2,13311
2244,2,13321
2244,2,13343
2244,2,13345
2244,2,13352
2244,2,13359
2244,2,13363
2244,2,13364
2244,2,13368
2244,2,13369
2244,2,13370
2244,2,13375
2244,2,13402
2244,2,13404
2244,2,13416
2244,2,13417
2244,2,13422
2244,2,13431
2244,2,13434
2244,2,13452
2244,2,13453
2244,2,13460
2244,2,13462
2244,2,13466
2244,2,13467
2244,2,13470
2244,2,13493
2244,2,13501
2244,2,13519
2244,2,13525
2244,2,13529
2244,2,13531
2244,2,13544
2244,2,13548
2244,2,13557
2244,2,13563
2244,2,13565
2244,2,13566
2244,2,13569
2244,2,13573
2244,2,13579
2244,2,13589
2244,2,13596
2244,2,13598
2244,2,13601
2244,2,13615
2244,2,13649
2244,2,13651
2244,2,13655
2244,2,13656
2244,2,13657
2244,2,13669
2244,2,13673
2244,2,13675
2244,2,13684
2244,2,13693
2244,2,13707
2244,2,13711
2244,2,13718
2244,2,13726
2244,2,13727
2244,2,13730
2244,2,13731
2244,2,13744
2244,2,13745
2244,2,13754
2244,2,13759
2244,2,13760
2244,2,13761
2244,2,13762
2244,2,13780
2244,2,13787
2244,2,13792
2244,2,13799
2244,2,13805
2244,2,13817
2244,2,13821
2244,2,13822
2244,2,13823
2244,2,13826
2244,2,13832
2244,2,13837
2244,2,13849
2244,2,13850
2244,2,13853
2244,2,13863
2244,2,13868
2244,2,13885
2244,2,13888
2244,2,13899
2244,2,13904
2244,2,13917
2244,2,13918
2244,2,13930
2244,2,13933
2244,2,13936
2244,2,13955
2244,2,13960
2244,2,13962
2244,2,13972
2244,2,13978
2244,2,13989
2244,2,14000
2244,2,14002
2244,2,14020
2244,2,14023
2244,2,14024
2244,2,14029
2244,2,14037
2244,2,14048
2244,2,14050
2244,2,14053
2244,2,14067
2244,2,14073
2244,2,14087
2244,2,14104
2244,2,14105
2244,2,14109
2244,2,14114
2244,2,14128
2244,2,14138
2244,2,14150
2244,2,14154
2244,2,14162
2244,2,14164
2244,2,14179
2244,2,14193
2244,2,14206
2244,2,14220
2244,2,14236
2244,2,14240
2244,2,14242
2244,2,14261
2244,2,14265
2244,2,14272
2244,2,14288
2244,2,14295
2244,2,14301
2244,2,14304
2244,2,14311
2244,2,14326
2244,2,14331
2244,2,14333
2244,2,14335
2244,2,14346
2244,2,14350
2244,2,14354
2244,2,14377
2244,2,14379
2244,2,14396
2244,2,14400
2244,2,14416
2244,2,14420
2244,2,14421
2244,2,14427
2244,2,14431
2244,2,14437
2244,2,14448
2244,2,14451
2244,2,14452
2244,2,14470
2244,2,14473
2244,2,14474
2244,2,14479
2244,2,14481
2244,2,14483
2244,2,14488
2244,2,14491
2244,2,14495
2244,2,14496
2244,2,14497
2244,2,14508
2244,2,14512
2244,2,14517
2244,2,14520
2244,2,14538
2244,2,14539
2244,2,14544
2244,2,14548
2244,2,14550
2244,2,14551
2244,2,14555
2244,2,14557
2244,2,14570
2244,2,14594
2244,2,14597
2244,2,14619
2244,2,14624
2244,2,14628
2244,2,14636
2244,2,14645
2244,2,14651
2244,2,14656
2244,2,14658
2244,2,14660
2244,2,14664
2244,2,14670
2244,2,14672
2244,2,14682
2244,2,14697
2244,2,14716
2244,2,14747
2244,2,14754
2244,2,14760
2244,2,14761
2244,2,14764
2244,2,14770
2244,2,14777
2244,2,14778
2244,2,14780
2244,2,14784
2244,2,14785
2244,2,14788
2244,2,14792
2244,2,14793
2244,2,14813
2244,2,14815
2244,2,14817
2244,2,14819
2244,2,14850
2244,2,14851
2244,2,14855
2244,2,14860
2244,2,14862
2244,2,14865
2244,2,14882
2244,2,14891
2244,2,14893
2244,2,14896
2244,2,14902
2244,2,14904
2244,2,14918
2244,2,14920
2244,2,14921
2244,2,14947
2244,2,14950
2244,2,14960
2244,2,14965
2244,2,14984
2244,2,14985
2244,2,14987
2244,2,14995
2244,2,14998
2244,2,15012
2244,2,15014
2244,2,15030
2244,2,15054
2244,2,15057
2244,2,15066
2244,2,15068
2244,2,15071
2244,2,15091
2244,2,15092
2244,2,15103
2244,2,15109
2244,2,15120
2244,2,15121
2244,2,15123
2244,2,15124
2244,2,15135
2244,2,15139
2244,2,15147
2244,2,15154
2244,2,15163
2244,2,15171
2244,2,15182
2244,2,15184
2244,2,15186
2244,2,15198
2244,2,15211
2244,2,15212
2244,2,15221
2244,2,15230
2244,2,15232
2244,2,15244
2244,2,15246
2244,2,15252
2244,2,15257
2244,2,15258
2244,2,15265
2244,2,15272
2244,2,15274
2244,2,15275
2244,2,15279
2244,2,15308
2244,2,15322
2244,2,15330
2244,2,15342
2244,2,15345
2244,2,15349
2244,2,15353
2244,2,15355
2244,2,15363
2244,2,15364
2244,2,15366
2244,2,15381
2244,2,15393
2244,2,15402
2244,2,15422
2244,2,15424
2244,2,15444
2244,2,15478
2244,2,15492
2244,2,15494
2244,2,15512
2244,2,15522
2244,2,15526
2244,2,15531
2244,2,15545
2244,2,15565
2244,2,15573
2244,2,15579
2244,2,15597
2244,2,15599
2244,2,15609
2244,2,15612
2244,2,15626
2244,2,15636
2244,2,15649
2244,2,15653
2244,2,15654
2244,2,15655
2244,2,15661
2244,2,15664
2244,2,15665
2244,2,15689
2244,2,15690
2244,2,15695
2244,2,15714
2244,2,15729
2244,2,15732
2244,2,15734
2244,2,15746
2244,2,15757
2244,2,15762
2244,2,15800
2244,2,15813
2244,2,15821
2244,2,15822
2244,2,15823
2244,2,15829
2244,2,15830
2244,2,15836
2244,2,15847
2244,2,15850
2244,2,15852
2244,2,15863
2244,2,15869
2244,2,15872
2244,2,15880
2244,2,15883
2244,2,15888
2244,2,15889
2244,2,15894
2244,2,15897
2244,2,15912
2244,2,15918
2244,2,15919
2244,2,15922
2244,2,15935
2244,2,15940
2244,2,15948
2244,2,15949
2244,2,15963
2244,2,15967
2244,2,15976
2244,2,15977
2244,2,15990
2244,2,16018
2244,2,16031
2244,2,16036
2244,2,16053
2244,2,16070
2244,2,16073
2244,2,16083
2244,2,16091
2244,2,16108
2244,2,16109
2244,2,16116
2244,2,16119
2244,2,16121
2244,2,16124
2244,2,16149
2244,2,16185
2244,2,16189
2244,2,16200
2244,2,16208
2244,2,16211
2244,2,16227
2244,2,16229
2244,2,16230
2244,2,16243
2244,2,16244
2244,2,16250
2244,2,16256
2244,2,16268
2244,2,16284
2244,2,16292
2244,2,16302
2244,2,16311
2244,2,16313
2244,2,16320
2244,2,16322
2244,2,16343
2244,2,16347
2244,2,16352
2244,2,16354
2244,2,16364
2244,2,16367
2244,2,16368
2244,2,16372
2244,2,16374
2244,2,16383
2244,2,16384
2244,2,16386
2244,2,16399
2244,2,16402
2244,2,16403
2244,2,16405
2244,2,16411
2244,2,16414
2244,2,16424
2244,2,16427
2244,2,16441
2244,2,16479
2244,2,16506
2244,2,16519
2244,2,16536
2244,2,16552
2244,2,16555
2244,2,16557
2244,2,16561
2244,2,16567
2244,2,16581
2244,2,16596
2244,2,16598
2244,2,16602
2244,2,16603
2244,2,16611
2244,2,16616
2244,2,16619
2244,2,16620
2244,2,16624
2244,2,16629
2244,2,16634
2244,2,16644
2244,2,16647
2244,2,16648
2244,2,16667
2244,2,16674
2244,2,16685
2244,2,16692
2244,2,16693
2244,2,16698
2244,2,16723
2244,2,16739
2244,2,16742
2244,2,16763
2244,2,16766
2244,2,16777
2244,2,16778
2244,2,16780
2244,2,16781
2244,2,16788
2244,2,16792
2244,2,16805
2244,2,16808
2244,2,16810
2244,2,16811
2244,2,16824
2244,2,16825
2244,2,16828
2244,2,16835
2244,2,16836
2244,2,16852
2244,2,16855
2244,2,16858
2244,2,16878
2244,2,16883
2244,2,16884
2244,2,16909
2244,2,16916
2244,2,16934
2244,2,16952
2244,2,16956
2244,2,16957
2244,2,16968
2244,2,16971
2244,2,16980
2244,2,16986
2244,2,16999
2244,2,17004
2244,2,17010
2244,2,17018
2244,2,17026
2244,2,17029
2244,2,17031
2244,2,17037
2244,2,17053
2244,2,17078
2244,2,17081
2244,2,17082
2244,2,17084
2244,2,17094
2244,2,17100
2244,2,17105
2244,2,17134
2244,2,17144
2244,2,17155
2244,2,17163
2244,2,17172
2244,2,17181
2244,2,17186
2244,2,17189
2244,2,17194
2244,2,17221
2244,2,17223
2244,2,17229
2244,2,17232
2244,2,17235
2244,2,17237
2244,2,17239
2244,2,17242
2244,2,17250
2244,2,17252
2244,2,17254
2244,2,17255
2244,2,17256
2244,2,17259
2244,2,17265
2244,2,17267
2244,2,17277
2244,2,17290
2244,2,17298
2244,2,17311
2244,2,17313
2244,2,17321
2244,2,17329
2244,2,17330
2244,2,17339
2244,2,17353
2244,2,17357
2244,2,17358
2244,2,17362
2244,2,17374
2244,2,17376
2244,2,17384
2244,2,17387
2244,2,17391
2244,2,17392
2244,2,17397
2244,2,17409
2244,2,17414
2244,2,17418
2244,2,17425
2244,2,17430
2244,2,17432
2244,2,17436
2244,2,17438
2244,2,17446
2244,2,17447
2244,2,17453
2244,2,17459
2244,2,17466
2244,2,17468
2244,2,17480
2244,2,17489
2244,2,17495
2244,2,17501
2244,2,17503
2244,2,17505
2244,2,17506
2244,2,17507
2244,2,17531
2244,2,17537
2244,2,17549
2244,2,17555
2244,2,17566
2244,2,17578
2244,2,17594
2244,2,17595
2244,2,17604
2244,2,17608
2244,2,17624
2244,2,17630
2244,2,17636
2244,2,17637
2244,2,17642
2244,2,17649
2244,2,17664
2244,2,17666
2244,2,17668
2244,2,17674
2244,2,17679
2244,2,17691
2244,2,17695
2244,2,17704
2244,2,17707
2244,2,17708
2244,2,17711
2244,2,17727
2244,2,17733
2244,2,17737
2244,2,17742
2244,2,17746
2244,2,17747
2244,2,17749
2244,2,17760
2244,2,17764
2244,2,17771
2244,2,17772
2244,2,17781
2244,2,17783
2244,2,17786
2244,2,17788
2244,2,17795
2244,2,17820
2244,2,17852
2244,2,17854
2244,2,17866
2244,2,17889
2244,2,17890
2244,2,17898
2244,2,17904
2244,2,17913
2244,2,17926
2244,2,17928
2244,2,17931
2244,2,17934
2244,2,17935
2244,2,17946
2244,2,17964
2244,2,17969
2244,2,17991
2244,2,17999
2244,2,18001
2244,2,18005
2244,2,18009
2244,2,18013
2244,2,18018
2244,2,18034
2244,2,18040
2244,2,18048
2244,2,18053
2244,2,18064
2244,2,18071
2244,2,18072
2244,2,18078
2244,2,18080
2244,2,18084
2244,2,18085
2244,2,18095
2244,2,18101
2244,2,18108
2244,2,18110
2244,2,18112
2244,2,18121
2244,2,18123
2244,2,18133
2244,2,18143
2244,2,18146
2244,2,18147
2244,2,18151
2244,2,18154
2244,2,18156
2244,2,18160
2244,2,18164
2244,2,18176
2244,2,18194
2244,2,18196
2244,2,18205
2244,2,18217
2244,2,18220
2244,2,18246
2244,2,18250
2244,2,18252
2244,2,18261
2244,2,18265
2244,2,18268
2244,2,18269
2244,2,18274
2244,2,18277
3061,1,12349
3061,1,12350
3061,1,12353
3061,1,12354
3061,1,12355
3061,1,12357
3061,1,12361
3061,1,12367
3061,1,12373
3061,1,12374
3061,1,12378
3061,1,12390
3061,1,12391
3061,1,12398
3061,1,12401
3061,1,12402
3061,1,12405
3061,1,12418
3061,1,12420
3061,1,12425
3061,1,12426
3061,1,12430
3061,1,12436
3061,1,12441
3061,1,12442
3061,1,12445
3061,1,12446
3061,1,12447
3061,1,12448
3061,1,12453
3061,1,12475
3061,1,12478
3061,1,12489
3061,1,12491
3061,1,12497
3061,1,12503
3061,1,12505
3061,1,12506
3061,1,12509
3061,1,12514
3061,1,12515
3061,1,12519
3061,1,12521
3061,1,12531
3061,1,12532
3061,1,12534
3061,1,12538
3061,1,12548
3061,1,12550
3061,1,12551
3061,1,12561
3061,1,12564
3061,1,12573
3061,1,12574
3061,1,12580
3061,1,12581
3061,1,12587
3061,1,12588
3061,1,12591
3061,1,12602
3061,1,12603
3061,1,12605
3061,1,12611
3061,1,12614
3061,1,12617
3061,1,12618
3061,1,12622
3061,1,12623
3061,1,12631
3061,1,12638
3061,1,12639
3061,1,12641
3061,1,12644
3061,1,12648
3061,1,12650
3061,1,12651
3061,1,12658
3061,1,12659
3061,1,12660
3061,1,12666
3061,1,12667
3061,1,12672
3061,1,12686
3061,1,12688
3061,1,12690
3061,1,12702
3061,1,12707
3061,1,12713
3061,1,12715
3061,1,12718
3061,1,12725
3061,1,12729
3061,1,12732
3061,1,12733
3061,1,12734
3061,1,12736
3061,1,12738
3061,1,12740
3061,1,12750
3061,1,12752
3061,1,12756
3061,1,12764
3061,1,12769
3061,1,12770
3061,1,12772
3061,1,12789
3061,1,12790
3061,1,12791
3061,1,12792
3061,1,12795
3061,1,12812
3061,1,12814
3061,1,12817
3061,1,12821
3061,1,12824
3061,1,12831
3061,1,12833
3061,1,12834
3061,1,12837
3061,1,12847
3061,1,12851
3061,1,12855
3061,1,12864
3061,1,12866
3061,1,12870
3061,1,12873
3061,1,12881
3061,1,12884
3061,1,12890
3061,1,12893
3061,1,12902
3061,1,12917
3061,1,12920
3061,1,12922
3061,1,12923
3061,1,12938
3061,1,12943
3061,1,12945
3061,1,12953
3061,1,12956
3061,1,12965
3061,1,12966
3061,1,12968
3061,1,12974
3061,1,12976
3061,1,12977
3061,1,12984
3061,1,12988
3061,1,13002
3061,1,13006
3061,1,13011
3061,1,13017
3061,1,13033
3061,1,13044
3061,1,13045
3061,1,13052
3061,1,13059
3061,1,13060
3061,1,13061
3061,1,13062
3061,1,13065
3061,1,13067
3061,1,13070
3061,1,13072
3061,1,13075
3061,1,13080
3061,1,13095
3061,1,13099
3061,1,13101
3061,1,13103
3061,1,13108
3061,1,13120
3061,1,13127
3061,1,13130
3061,1,13132
3061,1,13135
3061,1,13142
3061,1,13144
3061,1,13146
3061,1,13153
3061,1,13154
3061,1,13160
3061,1,13161
3061,1,13170
3061,1,13176
3061,1,13177
3061,1,13182
3061,1,13185
3061,1,13187
3061,1,13188
3061,1,13193
3061,1,13194
3061,1,13210
3061,1,13216
3061,1,13218
3061,1,13226
3061,1,13227
3061,1,13228
3061,1,13229
3061,1,13239
3061,1,13243
3061,1,13244
3061,1,13245
3061,1,13256
3061,1,13259
3061,1,13260
3061,1,13262
3061,1,13270
3061,1,13273
3061,1,13278
3061,1,13291
3061,1,13296
3061,1,13298
3061,1,13299
3061,1,13302
3061,1,13304
3061,1,13307
3061,1,13322
3061,1,13325
3061,1,13328
3061,1,13332
3061,1,13336
3061,1,13339
3061,1,13341
3061,1,13347
3061,1,13348
3061,1,13349
3061,1,13351
3061,1,13354
3061,1,13355
3061,1,13356
3061,1,13357
3061,1,13358
3061,1,13366
3061,1,13372
3061,1,13382
3061,1,13385
3061,1,13390
3061,1,13391
3061,1,13395
3061,1,13398
3061,1,13403
3061,1,13411
3061,1,13419
3061,1,13428
3061,1,13436
3061,1,13439
3061,1,13441
3061,1,13449
3061,1,13464
3061,1,13474
3061,1,13482
3061,1,13483
3061,1,13484
3061,1,13485
3061,1,13494
3061,1,13503
3061,1,13504
3061,1,13508
3061,1,13512
3061,1,13513
3061,1,13514
3061,1,13518
3061,1,13522
3061,1,13532
3061,1,13551
3061,1,13560
3061,1,13561
3061,1,13568
3061,1,13570
3061,1,13572
3061,1,13581
3061,1,13583
3061,1,13584
3061,1,13594
3061,1,13600
3061,1,13602
3061,1,13603
3061,1,13607
3061,1,13618
3061,1,13621
3061,1,13626
3061,1,13635
3061,1,13638
3061,1,13639
3061,1,13642
3061,1,13645
3061,1,13663
3061,1,13667
3061,1,13670
3061,1,13678
3061,1,13682
3061,1,13686
3061,1,13689
3061,1,13690
3061,1,13697
3061,1,13699
3061,1,13703
3061,1,13706
3061,1,13708
3061,1,13710
3061,1,13712
3061,1,13716
3061,1,13721
3061,1,13723
3061,1,13732
3061,1,13737
3061,1,13739
3061,1,13740
3061,1,13747
3061,1,13751
3061,1,13753
3061,1,13774
3061,1,13778
3061,1,13781
3061,1,13786
3061,1,13790
3061,1,13800
3061,1,13801
3061,1,13803
3061,1,13806
3061,1,13807
3061,1,13809
3061,1,13828
3061,1,13829
3061,1,13833
3061,1,13841
3061,1,13844
3061,1,13845
3061,1,13858
3061,1,13859
3061,1,13866
3061,1,13874
3061,1,13876
3061,1,13877
3061,1,13878
3061,1,13886
3061,1,13887
3061,1,13889
3061,1,13893
3061,1,13897
3061,1,13898
3061,1,13922
3061,1,13923
3061,1,13926
3061,1,13927
3061,1,13932
3061,1,13934
3061,1,13937
3061,1,13938
3061,1,13947
3061,1,13948
3061,1,13958
3061,1,13967
3061,1,13973
3061,1,13974
3061,1,13976
3061,1,13979
3061,1,13980
3061,1,13986
3061,1,13990
3061,1,13992
3061,1,14012
3061,1,14014
3061,1,14015
3061,1,14022
3061,1,14027
3061,1,14036
3061,1,14039
3061,1,14041
3061,1,14046
3061,1,14052
3061,1,14054
3061,1,14055
3061,1,14059
3061,1,14066
3061,1,14068
3061,1,14076
3061,1,14079
3061,1,14080
3061,1,14082
3061,1,14089
3061,1,14090
3061,1,14093
3061,1,14098
3061,1,14100
3061,1,14117
3061,1,14119
3061,1,14124
3061,1,14130
3061,1,14139
3061,1,14142
3061,1,14143
3061,1,14148
3061,1,14155
3061,1,14158
3061,1,14165
3061,1,14171
3061,1,14174
3061,1,14184
3061,1,14185
3061,1,14196
3061,1,14199
3061,1,14204
3061,1,14208
3061,1,14212
3061,1,14213
3061,1,14218
3061,1,14219
3061,1,14222
3061,1,14237
3061,1,14238
3061,1,14241
3061,1,14247
3061,1,14248
3061,1,14259
3061,1,14270
3061,1,14271
3061,1,14280
3061,1,14300
3061,1,14314
3061,1,14317
3061,1,14327
3061,1,14340
3061,1,14345
3061,1,14348
3061,1,14349
3061,1,14351
3061,1,14353
3061,1,14355
3061,1,14357
3061,1,14362
3061,1,14368
3061,1,14371
3061,1,14373
3061,1,14375
3061,1,14381
3061,1,14382
3061,1,14386
3061,1,14393
3061,1,14406
3061,1,14411
3061,1,14413
3061,1,14423
3061,1,14424
3061,1,14436
3061,1,14438
3061,1,14439
3061,1,14453
3061,1,14457
3061,1,14459
3061,1,14476
3061,1,14480
3061,1,14484
3061,1,14485
3061,1,14489
3061,1,14494
3061,1,14518
3061,1,14523
3061,1,14528
3061,1,14536
3061,1,14537
3061,1,14542
3061,1,14549
3061,1,14552
3061,1,14566
3061,1,14569
3061,1,14576
3061,1,14578
3061,1,14581
3061,1,14582
3061,1,14585
3061,1,14589
3061,1,14598
3061,1,14600
3061,1,14601
3061,1,14603
3061,1,14622
3061,1,14627
3061,1,14632
3061,1,14633
3061,1,14638
3061,1,14641
3061,1,14642
3061,1,14647
3061,1,14652
3061,1,14661
3061,1,14666
3061,1,14675
3061,1,14679
3061,1,14687
3061,1,14689
3061,1,14693
3061,1,14699
3061,1,14703
3061,1,14705
3061,1,14714
3061,1,14722
3061,1,14725
3061,1,14727
3061,1,14729
3061,1,14752
3061,1,14753
3061,1,14756
3061,1,14757
3061,1,14762
3061,1,14772
3061,1,14782
3061,1,14789
3061,1,14795
3061,1,14799
3061,1,14801
3061,1,14804
3061,1,14806
3061,1,14816
3061,1,14821
3061,1,14830
3061,1,14840
3061,1,14847
3061,1,14861
3061,1,14863
3061,1,14870
3061,1,14873
3061,1,14881
3061,1,14885
3061,1,14886
3061,1,14887
3061,1,14888
3061,1,14889
3061,1,14890
3061,1,14894
3061,1,14908
3061,1,14923
3061,1,14924
3061,1,14929
3061,1,14932
3061,1,14935
3061,1,14946
3061,1,14951
3061,1,14953
3061,1,14954
3061,1,14957
3061,1,14962
3061,1,14964
3061,1,14966
3061,1,14967
3061,1,14968
3061,1,14972
3061,1,14974
3061,1,14975
3061,1,14981
3061,1,14988
3061,1,15000
3061,1,15004
3061,1,15006
3061,1,15007
3061,1,15010
3061,1,15016
3061,1,15017
3061,1,15019
3061,1,15025
3061,1,15035
3061,1,15041
3061,1,15042
3061,1,15043
3061,1,15047
3061,1,15049
3061,1,15052
3061,1,15063
3061,1,15069
3061,1,15070
3061,1,15074
3061,1,15075
3061,1,15076
3061,1,15083
3061,1,15087
3061,1,15090
3061,1,15096
3061,1,15097
3061,1,15099
3061,1,15115
3061,1,15118
3061,1,15119
3061,1,15127
3061,1,15130
3061,1,15142
3061,1,15143
3061,1,15148
3061,1,15149
3061,1,15153
3061,1,15158
3061,1,15160
3061,1,15165
3061,1,15167
3061,1,15168
3061,1,15174
3061,1,15175
3061,1,15178
3061,1,15180
3061,1,15185
3061,1,15193
3061,1,15195
3061,1,15204
3061,1,15210
3061,1,15216
3061,1,15219
3061,1,15222
3061,1,15225
3061,1,15226
3061,1,15234
3061,1,15236
3061,1,15243
3061,1,15247
3061,1,15254
3061,1,15255
3061,1,15256
3061,1,15261
3061,1,15262
3061,1,15263
3061,1,15264
3061,1,15266
3061,1,15269
3061,1,15276
3061,1,15277
3061,1,15280
3061,1,15286
3061,1,15292
3061,1,15300
3061,1,15303
3061,1,15307
3061,1,15313
3061,1,15314
3061,1,15316
3061,1,15318
3061,1,15319
3061,1,15320
3061,1,15325
3061,1,15326
3061,1,15327
3061,1,15333
3061,1,15335
3061,1,15341
3061,1,15343
3061,1,15346
3061,1,15347
3061,1,15348
3061,1,15350
3061,1,15360
3061,1,15361
3061,1,15368
3061,1,15369
3061,1,15372
3061,1,15374
3061,1,15385
3061,1,15386
3061,1,15388
3061,1,15389
3061,1,15395
3061,1,15396
3061,1,15397
3061,1,15405
3061,1,15408
3061,1,15412
3061,1,15415
3061,1,15417
3061,1,15419
3061,1,15423
3061,1,15428
3061,1,15432
3061,1,15435
3061,1,15437
3061,1,15438
3061,1,15442
3061,1,15445
3061,1,15447
3061,1,15448
3061,1,15450
3061,1,15454
3061,1,15457
3061,1,15458
3061,1,15460
3061,1,15463
3061,1,15464
3061,1,15466
3061,1,15471
3061,1,15472
3061,1,15475
3061,1,15480
3061,1,15488
3061,1,15503
3061,1,15504
3061,1,15507
3061,1,15510
3061,1,15517
3061,1,15520
3061,1,15523
3061,1,15524
3061,1,15528
3061,1,15537
3061,1,15539
3061,1,15540
3061,1,15541
3061,1,15543
3061,1,15551
3061,1,15552
3061,1,15553
3061,1,15554
3061,1,15556
3061,1,15557
3061,1,15562
3061,1,15567
3061,1,15576
3061,1,15578
3061,1,15585
3061,1,15590
3061,1,15592
3061,1,15593
3061,1,15603
3061,1,15604
3061,1,15607
3061,1,15610
3061,1,15619
3061,1,15623
3061,1,15634
3061,1,15637
3061,1,15638
3061,1,15639
3061,1,15645
3061,1,15652
3061,1,15657
3061,1,15659
3061,1,15663
3061,1,15667
3061,1,15668
3061,1,15670
3061,1,15677
3061,1,15678
3061,1,15683
3061,1,15691
3061,1,15692
3061,1,15699
3061,1,15703
3061,1,15705
3061,1,15709
3061,1,15717
3061,1,15720
3061,1,15721
3061,1,15723
3061,1,15725
3061,1,15728
3061,1,15733
3061,1,15739
3061,1,15740
3061,1,15744
3061,1,15748
3061,1,15753
3061,1,15758
3061,1,15766
3061,1,15773
3061,1,15774
3061,1,15775
3061,1,15776
3061,1,15783
3061,1,15789
3061,1,15790
3061,1,15795
3061,1,15803
3061,1,15820
3061,1,15825
3061,1,15832
3061,1,15837
3061,1,15843
3061,1,15844
3061,1,15853
3061,1,15857
3061,1,15866
3061,1,15870
3061,1,15886
3061,1,15891
3061,1,15895
3061,1,15899
3061,1,15900
3061,1,15904
3061,1,15909
3061,1,15917
3061,1,15921
3061,1,15923
3061,1,15925
3061,1,15930
3061,1,15937
3061,1,15942
3061,1,15944
3061,1,15945
3061,1,15947
3061,1,15957
3061,1,15958
3061,1,15970
3061,1,15975
3061,1,15978
3061,1,15986
3061,1,15988
3061,1,15992
3061,1,15994
3061,1,16006
3061,1,16017
3061,1,16022
3061,1,16024
3061,1,16025
3061,1,16026
3061,1,16030
3061,1,16050
3061,1,16052
3061,1,16054
3061,1,16055
3061,1,16056
3061,1,16061
3061,1,16063
3061,1,16065
3061,1,16071
3061,1,16072
3061,1,16078
3061,1,16084
3061,1,16093
3061,1,16096
3061,1,16097
3061,1,16104
3061,1,16105
3061,1,16106
3061,1,16113
3061,1,16114
3061,1,16117
3061,1,16123
3061,1,16125
3061,1,16127
3061,1,16135
3061,1,16138
3061,1,16141
3061,1,16142
3061,1,16144
3061,1,16147
3061,1,16148
3061,1,16152
3061,1,16159
3061,1,16162
3061,1,16171
3061,1,16177
3061,1,16178
3061,1,16179
3061,1,16181
3061,1,16183
3061,1,16190
3061,1,16193
3061,1,16198
3061,1,16202
3061,1,16204
3061,1,16207
3061,1,16213
3061,1,16215
3061,1,16216
3061,1,16222
3061,1,16236
3061,1,16247
3061,1,16248
3061,1,16252
3061,1,16257
3061,1,16260
3061,1,16262
3061,1,16270
3061,1,16272
3061,1,16274
3061,1,16275
3061,1,16276
3061,1,16281
3061,1,16282
3061,1,16287
3061,1,16305
3061,1,16315
3061,1,16318
3061,1,16319
3061,1,16323
3061,1,16337
3061,1,16338
3061,1,16339
3061,1,16340
3061,1,16344
3061,1,16345
3061,1,16349
3061,1,16351
3061,1,16363
3061,1,16366
3061,1,16377
3061,1,16380
3061,1,16387
3061,1,16392
3061,1,16400
3061,1,16404
3061,1,16406
3061,1,16412
3061,1,16413
3061,1,16415
3061,1,16423
3061,1,16425
3061,1,16428
3061,1,16429
3061,1,16430
3061,1,16432
3061,1,16433
3061,1,16445
3061,1,16447
3061,1,16448
3061,1,16450
3061,1,16451
3061,1,16457
3061,1,16461
3061,1,16468
3061,1,16471
3061,1,16480
3061,1,16482
3061,1,16483
3061,1,16485
3061,1,16491
3061,1,16494
3061,1,16504
3061,1,16505
3061,1,16509
3061,1,16510
3061,1,16516
3061,1,16517
3061,1,16526
3061,1,16527
3061,1,16528
3061,1,16529
3061,1,16535
3061,1,16542
3061,1,16545
3061,1,16563
3061,1,16565
3061,1,16569
3061,1,16574
3061,1,16579
3061,1,16582
3061,1,16583
3061,1,16586
3061,1,16587
3061,1,16591
3061,1,16594
3061,1,16595
3061,1,16597
3061,1,16601
3061,1,16610
3061,1,16613
3061,1,16614
3061,1,16617
3061,1,16623
3061,1,16625
3061,1,16627
3061,1,16641
3061,1,16643
3061,1,16650
3061,1,16658
3061,1,16659
3061,1,16665
3061,1,16666
3061,1,16679
3061,1,16680
3061,1,16697
3061,1,16708
3061,1,16715
3061,1,16718
3061,1,16720
3061,1,16721
3061,1,16727
3061,1,16732
3061,1,16737
3061,1,16738
3061,1,16751
3061,1,16752
3061,1,16753
3061,1,16754
3061,1,16756
3061,1,16757
3061,1,16758
3061,1,16761
3061,1,16765
3061,1,16769
3061,1,16773
3061,1,16776
3061,1,16784
3061,1,16789
3061,1,16793
3061,1,16795
3061,1,16796
3061,1,16800
3061,1,16803
3061,1,16812
3061,1,16820
3061,1,16823
3061,1,16826
3061,1,16829
3061,1,16830
3061,1,16834
3061,1,16846
3061,1,16847
3061,1,16848
3061,1,16849
3061,1,16850
3061,1,16856
3061,1,16881
3061,1,16887
3061,1,16893
3061,1,16895
3061,1,16902
3061,1,16903
3061,1,16913
3061,1,16914
3061,1,16917
3061,1,16921
3061,1,16926
3061,1,16932
3061,1,16936
3061,1,16947
3061,1,16953
3061,1,16959
3061,1,16961
3061,1,16963
3061,1,16965
3061,1,16967
3061,1,16976
3061,1,16978
3061,1,16982
3061,1,16988
3061,1,16990
3061,1,16995
3061,1,17011
3061,1,17022
3061,1,17030
3061,1,17038
3061,1,17040
3061,1,17046
3061,1,17051
3061,1,17052
3061,1,17060
3061,1,17065
3061,1,17070
3061,1,17079
3061,1,17102
3061,1,17110
3061,1,17111
3061,1,17117
3061,1,17118
3061,1,17120
3061,1,17122
3061,1,17123
3061,1,17124
3061,1,17125
3061,1,17128
3061,1,17138
3061,1,17140
3061,1,17142
3061,1,17148
3061,1,17153
3061,1,17154
3061,1,17165
3061,1,17171
3061,1,17174
3061,1,17176
3061,1,17187
3061,1,17197
3061,1,17201
3061,1,17205
3061,1,17206
3061,1,17212
3061,1,17217
3061,1,17219
3061,1,17222
3061,1,17226
3061,1,17233
3061,1,17234
3061,1,17244
3061,1,17245
3061,1,17247
3061,1,17248
3061,1,17251
3061,1,17253
3061,1,17263
3061,1,17274
3061,1,17278
3061,1,17279
3061,1,17286
3061,1,17291
3061,1,17297
3061,1,17301
3061,1,17303
3061,1,17307
3061,1,17309
3061,1,17325
3061,1,17331
3061,1,17333
3061,1,17343
3061,1,17344
3061,1,17347
3061,1,17349
3061,1,17354
3061,1,17356
3061,1,17359
3061,1,17367
3061,1,17379
3061,1,17382
3061,1,17383
3061,1,17385
3061,1,17394
3061,1,17403
3061,1,17408
3061,1,17415
3061,1,17427
3061,1,17431
3061,1,17433
3061,1,17443
3061,1,17448
3061,1,17455
3061,1,17456
3061,1,17458
3061,1,17464
3061,1,17475
3061,1,17486
3061,1,17492
3061,1,17496
3061,1,17498
3061,1,17499
3061,1,17508
3061,1,17510
3061,1,17513
3061,1,17514
3061,1,17517
3061,1,17520
3061,1,17524
3061,1,17525
3061,1,17534
3061,1,17535
3061,1,17536
3061,1,17538
3061,1,17542
3061,1,17547
3061,1,17551
3061,1,17553
3061,1,17556
3061,1,17561
3061,1,17569
3061,1,17574
3061,1,17582
3061,1,17597
3061,1,17600
3061,1,17601
3061,1,17614
3061,1,17619
3061,1,17620
3061,1,17623
3061,1,17628
3061,1,17639
3061,1,17640
3061,1,17643
3061,1,17647
3061,1,17650
3061,1,17654
3061,1,17660
3061,1,17670
3061,1,17678
3061,1,17680
3061,1,17684
3061,1,17694
3061,1,17697
3061,1,17698
3061,1,17701
3061,1,17709
3061,1,17712
3061,1,17714
3061,1,17715
3061,1,17718
3061,1,17732
3061,1,17752
3061,1,17761
3061,1,17763
3061,1,17767
3061,1,17775
3061,1,17785
3061,1,17789
3061,1,17791
3061,1,17793
3061,1,17805
3061,1,17806
3061,1,17824
3061,1,17829
3061,1,17831
3061,1,17832
3061,1,17836
3061,1,17839
3061,1,17843
3061,1,17844
3061,1,17846
3061,1,17855
3061,1,17859
3061,1,17860
3061,1,17862
3061,1,17871
3061,1,17877
3061,1,17878
3061,1,17879
3061,1,17880
3061,1,17881
3061,1,17885
3061,1,17887
3061,1,17891
3061,1,17893
3061,1,17895
3061,1,17896
3061,1,17899
3061,1,17901
3061,1,17906
3061,1,17908
3061,1,17911
3061,1,17914
3061,1,17919
3061,1,17923
3061,1,17925
3061,1,17936
3061,1,17939
3061,1,17941
3061,1,17942
3061,1,17947
3061,1,17948
3061,1,17956
3061,1,17957
3061,1,17958
3061,1,17960
3061,1,17962
3061,1,17967
3061,1,17968
3061,1,17970
3061,1,17972
3061,1,17973
3061,1,17976
3061,1,17977
3061,1,17978
3061,1,17984
3061,1,17985
3061,1,17986
3061,1,17987
3061,1,17995
3061,1,18004
3061,1,18006
3061,1,18010
3061,1,18011
3061,1,18014
3061,1,18015
3061,1,18019
3061,1,18022
3061,1,18027
3061,1,18032
3061,1,18033
3061,1,18042
3061,1,18045
3061,1,18050
3061,1,18056
3061,1,18058
3061,1,18066
3061,1,18067
3061,1,18068
3061,1,18074
3061,1,18082
3061,1,18086
3061,1,18088
3061,1,18099
3061,1,18104
3061,1,18105
3061,1,18106
3061,1,18113
3061,1,18114
3061,1,18117
3061,1,18119
3061,1,18120
3061,1,18126
3061,1,18129
3061,1,18138
3061,1,18141
3061,1,18159
3061,1,18165
3061,1,18169
3061,1,18174
3061,1,18181
3061,1,18184
3061,1,18185
3061,1,18191
3061,1,18192
3061,1,18200
3061,1,18203
3061,1,18209
3061,1,18212
3061,1,18213
3061,1,18215
3061,1,18216
3061,1,18222
3061,1,18224
3061,1,18227
3061,1,18233
3061,1,18240
3061,1,18249
3061,1,18251
3061,1,18255
3061,1,18256
3061,1,18262
3061,1,18278
3061,1,18280
3061,1,18281
